id;name;geoid;geoname;value;datetime
1159;Measured Onshore wind generation;;;11362.571;2025-09-01T00:00:00+02:00
1159;Measured Onshore wind generation;;;10791.856;2025-09-01T01:00:00+02:00
1159;Measured Onshore wind generation;;;10217.945;2025-09-01T02:00:00+02:00
1159;Measured Onshore wind generation;;;9947.512;2025-09-01T03:00:00+02:00
1159;Measured Onshore wind generation;;;9868.246;2025-09-01T04:00:00+02:00
1159;Measured Onshore wind generation;;;9728.074;2025-09-01T05:00:00+02:00
1159;Measured Onshore wind generation;;;9737.4;2025-09-01T06:00:00+02:00
1159;Measured Onshore wind generation;;;9184.349;2025-09-01T07:00:00+02:00
1159;Measured Onshore wind generation;;;8323.641;2025-09-01T08:00:00+02:00
1159;Measured Onshore wind generation;;;7300.737;2025-09-01T09:00:00+02:00
1159;Measured Onshore wind generation;;;5897.329;2025-09-01T10:00:00+02:00
1159;Measured Onshore wind generation;;;4591.393;2025-09-01T11:00:00+02:00
1159;Measured Onshore wind generation;;;4777.431;2025-09-01T12:00:00+02:00
1159;Measured Onshore wind generation;;;4997.375;2025-09-01T13:00:00+02:00
1159;Measured Onshore wind generation;;;5111.367;2025-09-01T14:00:00+02:00
1159;Measured Onshore wind generation;;;5315.495;2025-09-01T15:00:00+02:00
1159;Measured Onshore wind generation;;;5639.395;2025-09-01T16:00:00+02:00
1159;Measured Onshore wind generation;;;6193.848;2025-09-01T17:00:00+02:00
1159;Measured Onshore wind generation;;;8019.96;2025-09-01T18:00:00+02:00
1159;Measured Onshore wind generation;;;9469.117;2025-09-01T19:00:00+02:00
1159;Measured Onshore wind generation;;;9299.714;2025-09-01T20:00:00+02:00
1159;Measured Onshore wind generation;;;8624.161;2025-09-01T21:00:00+02:00
1159;Measured Onshore wind generation;;;8758.866;2025-09-01T22:00:00+02:00
1159;Measured Onshore wind generation;;;8031;2025-09-01T23:00:00+02:00
1159;Measured Onshore wind generation;;;6791.821;2025-09-02T00:00:00+02:00
1159;Measured Onshore wind generation;;;5877.323;2025-09-02T01:00:00+02:00
1159;Measured Onshore wind generation;;;5899.946;2025-09-02T02:00:00+02:00
1159;Measured Onshore wind generation;;;5777.781;2025-09-02T03:00:00+02:00
1159;Measured Onshore wind generation;;;5935.991;2025-09-02T04:00:00+02:00
1159;Measured Onshore wind generation;;;6056.039;2025-09-02T05:00:00+02:00
1159;Measured Onshore wind generation;;;6779.229;2025-09-02T06:00:00+02:00
1159;Measured Onshore wind generation;;;7041.509;2025-09-02T07:00:00+02:00
1159;Measured Onshore wind generation;;;6786.494;2025-09-02T08:00:00+02:00
1159;Measured Onshore wind generation;;;5847.692;2025-09-02T09:00:00+02:00
1159;Measured Onshore wind generation;;;5422.738;2025-09-02T10:00:00+02:00
1159;Measured Onshore wind generation;;;4940.529;2025-09-02T11:00:00+02:00
1159;Measured Onshore wind generation;;;4442.095;2025-09-02T12:00:00+02:00
1159;Measured Onshore wind generation;;;4355.598;2025-09-02T13:00:00+02:00
1159;Measured Onshore wind generation;;;3968.597;2025-09-02T14:00:00+02:00
1159;Measured Onshore wind generation;;;4670.109;2025-09-02T15:00:00+02:00
1159;Measured Onshore wind generation;;;5483.583;2025-09-02T16:00:00+02:00
1159;Measured Onshore wind generation;;;6195.662;2025-09-02T17:00:00+02:00
1159;Measured Onshore wind generation;;;5621.098;2025-09-02T18:00:00+02:00
1159;Measured Onshore wind generation;;;5709.013;2025-09-02T19:00:00+02:00
1159;Measured Onshore wind generation;;;5052.067;2025-09-02T20:00:00+02:00
1159;Measured Onshore wind generation;;;5028.729;2025-09-02T21:00:00+02:00
1159;Measured Onshore wind generation;;;5167.17;2025-09-02T22:00:00+02:00
1159;Measured Onshore wind generation;;;5324.062;2025-09-02T23:00:00+02:00
1159;Measured Onshore wind generation;;;5300.963;2025-09-03T00:00:00+02:00
1159;Measured Onshore wind generation;;;5175.994;2025-09-03T01:00:00+02:00
1159;Measured Onshore wind generation;;;5337.687;2025-09-03T02:00:00+02:00
1159;Measured Onshore wind generation;;;5627.45;2025-09-03T03:00:00+02:00
1159;Measured Onshore wind generation;;;5848.683;2025-09-03T04:00:00+02:00
1159;Measured Onshore wind generation;;;5841.186;2025-09-03T05:00:00+02:00
1159;Measured Onshore wind generation;;;6050.839;2025-09-03T06:00:00+02:00
1159;Measured Onshore wind generation;;;6422.919;2025-09-03T07:00:00+02:00
1159;Measured Onshore wind generation;;;6721.451;2025-09-03T08:00:00+02:00
1159;Measured Onshore wind generation;;;6019.492;2025-09-03T09:00:00+02:00
1159;Measured Onshore wind generation;;;4151.282;2025-09-03T10:00:00+02:00
1159;Measured Onshore wind generation;;;4547.883;2025-09-03T11:00:00+02:00
1159;Measured Onshore wind generation;;;4288.487;2025-09-03T12:00:00+02:00
1159;Measured Onshore wind generation;;;4060.779;2025-09-03T13:00:00+02:00
1159;Measured Onshore wind generation;;;4555.598;2025-09-03T14:00:00+02:00
1159;Measured Onshore wind generation;;;4397.131;2025-09-03T15:00:00+02:00
1159;Measured Onshore wind generation;;;4966.215;2025-09-03T16:00:00+02:00
1159;Measured Onshore wind generation;;;4700.377;2025-09-03T17:00:00+02:00
1159;Measured Onshore wind generation;;;6171.388;2025-09-03T18:00:00+02:00
1159;Measured Onshore wind generation;;;6264.6;2025-09-03T19:00:00+02:00
1159;Measured Onshore wind generation;;;6059.366;2025-09-03T20:00:00+02:00
1159;Measured Onshore wind generation;;;5489.796;2025-09-03T21:00:00+02:00
1159;Measured Onshore wind generation;;;5439.405;2025-09-03T22:00:00+02:00
1159;Measured Onshore wind generation;;;5286.911;2025-09-03T23:00:00+02:00
1159;Measured Onshore wind generation;;;5227.649;2025-09-04T00:00:00+02:00
1159;Measured Onshore wind generation;;;5752.305;2025-09-04T01:00:00+02:00
1159;Measured Onshore wind generation;;;5777.31;2025-09-04T02:00:00+02:00
1159;Measured Onshore wind generation;;;6112.998;2025-09-04T03:00:00+02:00
1159;Measured Onshore wind generation;;;6060.91;2025-09-04T04:00:00+02:00
1159;Measured Onshore wind generation;;;6188.958;2025-09-04T05:00:00+02:00
1159;Measured Onshore wind generation;;;6189.303;2025-09-04T06:00:00+02:00
1159;Measured Onshore wind generation;;;6024.327;2025-09-04T07:00:00+02:00
1159;Measured Onshore wind generation;;;5452.745;2025-09-04T08:00:00+02:00
1159;Measured Onshore wind generation;;;4240.028;2025-09-04T09:00:00+02:00
1159;Measured Onshore wind generation;;;3358.498;2025-09-04T10:00:00+02:00
1159;Measured Onshore wind generation;;;3194.298;2025-09-04T11:00:00+02:00
1159;Measured Onshore wind generation;;;2898.541;2025-09-04T12:00:00+02:00
1159;Measured Onshore wind generation;;;2742.774;2025-09-04T13:00:00+02:00
1159;Measured Onshore wind generation;;;3111.794;2025-09-04T14:00:00+02:00
1159;Measured Onshore wind generation;;;3696.3;2025-09-04T15:00:00+02:00
1159;Measured Onshore wind generation;;;4221.029;2025-09-04T16:00:00+02:00
1159;Measured Onshore wind generation;;;4841.2;2025-09-04T17:00:00+02:00
1159;Measured Onshore wind generation;;;5685.874;2025-09-04T18:00:00+02:00
1159;Measured Onshore wind generation;;;5886.474;2025-09-04T19:00:00+02:00
1159;Measured Onshore wind generation;;;5055.004;2025-09-04T20:00:00+02:00
1159;Measured Onshore wind generation;;;4640.051;2025-09-04T21:00:00+02:00
1159;Measured Onshore wind generation;;;4877.964;2025-09-04T22:00:00+02:00
1159;Measured Onshore wind generation;;;5902.039;2025-09-04T23:00:00+02:00
1159;Measured Onshore wind generation;;;6477.529;2025-09-05T00:00:00+02:00
1159;Measured Onshore wind generation;;;6669.902;2025-09-05T01:00:00+02:00
1159;Measured Onshore wind generation;;;7179.923;2025-09-05T02:00:00+02:00
1159;Measured Onshore wind generation;;;7237.734;2025-09-05T03:00:00+02:00
1159;Measured Onshore wind generation;;;7501.744;2025-09-05T04:00:00+02:00
1159;Measured Onshore wind generation;;;7637.244;2025-09-05T05:00:00+02:00
1159;Measured Onshore wind generation;;;7667.72;2025-09-05T06:00:00+02:00
1159;Measured Onshore wind generation;;;7927.112;2025-09-05T07:00:00+02:00
1159;Measured Onshore wind generation;;;7694.978;2025-09-05T08:00:00+02:00
1159;Measured Onshore wind generation;;;6263.203;2025-09-05T09:00:00+02:00
1159;Measured Onshore wind generation;;;5258.386;2025-09-05T10:00:00+02:00
1159;Measured Onshore wind generation;;;4807.702;2025-09-05T11:00:00+02:00
1159;Measured Onshore wind generation;;;4536.35;2025-09-05T12:00:00+02:00
1159;Measured Onshore wind generation;;;4571.087;2025-09-05T13:00:00+02:00
1159;Measured Onshore wind generation;;;4916.118;2025-09-05T14:00:00+02:00
1159;Measured Onshore wind generation;;;5523.043;2025-09-05T15:00:00+02:00
1159;Measured Onshore wind generation;;;6046.617;2025-09-05T16:00:00+02:00
1159;Measured Onshore wind generation;;;7290.464;2025-09-05T17:00:00+02:00
1159;Measured Onshore wind generation;;;8331.639;2025-09-05T18:00:00+02:00
1159;Measured Onshore wind generation;;;8774.266;2025-09-05T19:00:00+02:00
1159;Measured Onshore wind generation;;;9701.439;2025-09-05T20:00:00+02:00
1159;Measured Onshore wind generation;;;9805.737;2025-09-05T21:00:00+02:00
1159;Measured Onshore wind generation;;;9408.927;2025-09-05T22:00:00+02:00
1159;Measured Onshore wind generation;;;8920.192;2025-09-05T23:00:00+02:00
1159;Measured Onshore wind generation;;;8671.694;2025-09-06T00:00:00+02:00
1159;Measured Onshore wind generation;;;8456.035;2025-09-06T01:00:00+02:00
1159;Measured Onshore wind generation;;;8528.363;2025-09-06T02:00:00+02:00
1159;Measured Onshore wind generation;;;8742.404;2025-09-06T03:00:00+02:00
1159;Measured Onshore wind generation;;;8662.102;2025-09-06T04:00:00+02:00
1159;Measured Onshore wind generation;;;8459.334;2025-09-06T05:00:00+02:00
1159;Measured Onshore wind generation;;;8210.942;2025-09-06T06:00:00+02:00
1159;Measured Onshore wind generation;;;8296.667;2025-09-06T07:00:00+02:00
1159;Measured Onshore wind generation;;;8335.286;2025-09-06T08:00:00+02:00
1159;Measured Onshore wind generation;;;7682.696;2025-09-06T09:00:00+02:00
1159;Measured Onshore wind generation;;;5993.99;2025-09-06T10:00:00+02:00
1159;Measured Onshore wind generation;;;4710.113;2025-09-06T11:00:00+02:00
1159;Measured Onshore wind generation;;;5119.222;2025-09-06T12:00:00+02:00
1159;Measured Onshore wind generation;;;4993.589;2025-09-06T13:00:00+02:00
1159;Measured Onshore wind generation;;;5698.206;2025-09-06T14:00:00+02:00
1159;Measured Onshore wind generation;;;6776.142;2025-09-06T15:00:00+02:00
1159;Measured Onshore wind generation;;;7361.089;2025-09-06T16:00:00+02:00
1159;Measured Onshore wind generation;;;8493.755;2025-09-06T17:00:00+02:00
1159;Measured Onshore wind generation;;;12174.866;2025-09-06T18:00:00+02:00
1159;Measured Onshore wind generation;;;15137.749;2025-09-06T19:00:00+02:00
1159;Measured Onshore wind generation;;;14676.816;2025-09-06T20:00:00+02:00
1159;Measured Onshore wind generation;;;14032.798;2025-09-06T21:00:00+02:00
1159;Measured Onshore wind generation;;;13348.089;2025-09-06T22:00:00+02:00
1159;Measured Onshore wind generation;;;12992.731;2025-09-06T23:00:00+02:00
1159;Measured Onshore wind generation;;;12454.906;2025-09-07T00:00:00+02:00
1159;Measured Onshore wind generation;;;12247.094;2025-09-07T01:00:00+02:00
1159;Measured Onshore wind generation;;;11309.415;2025-09-07T02:00:00+02:00
1159;Measured Onshore wind generation;;;10626.356;2025-09-07T03:00:00+02:00
1159;Measured Onshore wind generation;;;10181.187;2025-09-07T04:00:00+02:00
1159;Measured Onshore wind generation;;;9137.515;2025-09-07T05:00:00+02:00
1159;Measured Onshore wind generation;;;8201.925;2025-09-07T06:00:00+02:00
1159;Measured Onshore wind generation;;;7908.948;2025-09-07T07:00:00+02:00
1159;Measured Onshore wind generation;;;7315.67;2025-09-07T08:00:00+02:00
1159;Measured Onshore wind generation;;;6309.398;2025-09-07T09:00:00+02:00
1159;Measured Onshore wind generation;;;5591.959;2025-09-07T10:00:00+02:00
1159;Measured Onshore wind generation;;;5184.622;2025-09-07T11:00:00+02:00
1159;Measured Onshore wind generation;;;4773.09;2025-09-07T12:00:00+02:00
1159;Measured Onshore wind generation;;;4695.286;2025-09-07T13:00:00+02:00
1159;Measured Onshore wind generation;;;4660.026;2025-09-07T14:00:00+02:00
1159;Measured Onshore wind generation;;;5003.71;2025-09-07T15:00:00+02:00
1159;Measured Onshore wind generation;;;5409.616;2025-09-07T16:00:00+02:00
1159;Measured Onshore wind generation;;;5244.366;2025-09-07T17:00:00+02:00
1159;Measured Onshore wind generation;;;4548.431;2025-09-07T18:00:00+02:00
1159;Measured Onshore wind generation;;;3633.077;2025-09-07T19:00:00+02:00
1159;Measured Onshore wind generation;;;3139.517;2025-09-07T20:00:00+02:00
1159;Measured Onshore wind generation;;;3348.296;2025-09-07T21:00:00+02:00
1159;Measured Onshore wind generation;;;3253.374;2025-09-07T22:00:00+02:00
1159;Measured Onshore wind generation;;;2983.501;2025-09-07T23:00:00+02:00
1159;Measured Onshore wind generation;;;3016.087;2025-09-08T00:00:00+02:00
1159;Measured Onshore wind generation;;;3173.305;2025-09-08T01:00:00+02:00
1159;Measured Onshore wind generation;;;3207.157;2025-09-08T02:00:00+02:00
1159;Measured Onshore wind generation;;;3695.886;2025-09-08T03:00:00+02:00
1159;Measured Onshore wind generation;;;3974.376;2025-09-08T04:00:00+02:00
1159;Measured Onshore wind generation;;;4180.156;2025-09-08T05:00:00+02:00
1159;Measured Onshore wind generation;;;4314.435;2025-09-08T06:00:00+02:00
1159;Measured Onshore wind generation;;;4472.571;2025-09-08T07:00:00+02:00
1159;Measured Onshore wind generation;;;4377.987;2025-09-08T08:00:00+02:00
1159;Measured Onshore wind generation;;;4087.101;2025-09-08T09:00:00+02:00
1159;Measured Onshore wind generation;;;3487.493;2025-09-08T10:00:00+02:00
1159;Measured Onshore wind generation;;;3217.311;2025-09-08T11:00:00+02:00
1159;Measured Onshore wind generation;;;3010.433;2025-09-08T12:00:00+02:00
1159;Measured Onshore wind generation;;;3510.15;2025-09-08T13:00:00+02:00
1159;Measured Onshore wind generation;;;4452.737;2025-09-08T14:00:00+02:00
1159;Measured Onshore wind generation;;;5593.487;2025-09-08T15:00:00+02:00
1159;Measured Onshore wind generation;;;6410.114;2025-09-08T16:00:00+02:00
1159;Measured Onshore wind generation;;;7393.855;2025-09-08T17:00:00+02:00
1159;Measured Onshore wind generation;;;8342.361;2025-09-08T18:00:00+02:00
1159;Measured Onshore wind generation;;;10102.699;2025-09-08T19:00:00+02:00
1159;Measured Onshore wind generation;;;11075.911;2025-09-08T20:00:00+02:00
1159;Measured Onshore wind generation;;;11037.367;2025-09-08T21:00:00+02:00
1159;Measured Onshore wind generation;;;10420.691;2025-09-08T22:00:00+02:00
1159;Measured Onshore wind generation;;;9809.34;2025-09-08T23:00:00+02:00
1159;Measured Onshore wind generation;;;9320.888;2025-09-09T00:00:00+02:00
1159;Measured Onshore wind generation;;;9035.841;2025-09-09T01:00:00+02:00
1159;Measured Onshore wind generation;;;8493.768;2025-09-09T02:00:00+02:00
1159;Measured Onshore wind generation;;;8009.655;2025-09-09T03:00:00+02:00
1159;Measured Onshore wind generation;;;7304.565;2025-09-09T04:00:00+02:00
1159;Measured Onshore wind generation;;;6838.176;2025-09-09T05:00:00+02:00
1159;Measured Onshore wind generation;;;6253.665;2025-09-09T06:00:00+02:00
1159;Measured Onshore wind generation;;;5904.684;2025-09-09T07:00:00+02:00
1159;Measured Onshore wind generation;;;5147.868;2025-09-09T08:00:00+02:00
1159;Measured Onshore wind generation;;;4640.399;2025-09-09T09:00:00+02:00
1159;Measured Onshore wind generation;;;4121.415;2025-09-09T10:00:00+02:00
1159;Measured Onshore wind generation;;;3558.408;2025-09-09T11:00:00+02:00
1159;Measured Onshore wind generation;;;3367.291;2025-09-09T12:00:00+02:00
1159;Measured Onshore wind generation;;;3306.229;2025-09-09T13:00:00+02:00
1159;Measured Onshore wind generation;;;3682.594;2025-09-09T14:00:00+02:00
1159;Measured Onshore wind generation;;;3916.514;2025-09-09T15:00:00+02:00
1159;Measured Onshore wind generation;;;4154.993;2025-09-09T16:00:00+02:00
1159;Measured Onshore wind generation;;;4553.125;2025-09-09T17:00:00+02:00
1159;Measured Onshore wind generation;;;5027.859;2025-09-09T18:00:00+02:00
1159;Measured Onshore wind generation;;;6017.814;2025-09-09T19:00:00+02:00
1159;Measured Onshore wind generation;;;6395.937;2025-09-09T20:00:00+02:00
1159;Measured Onshore wind generation;;;6601.423;2025-09-09T21:00:00+02:00
1159;Measured Onshore wind generation;;;6090.767;2025-09-09T22:00:00+02:00
1159;Measured Onshore wind generation;;;6022.868;2025-09-09T23:00:00+02:00
1159;Measured Onshore wind generation;;;5907.037;2025-09-10T00:00:00+02:00
1159;Measured Onshore wind generation;;;6429.852;2025-09-10T01:00:00+02:00
1159;Measured Onshore wind generation;;;6763.778;2025-09-10T02:00:00+02:00
1159;Measured Onshore wind generation;;;6997.679;2025-09-10T03:00:00+02:00
1159;Measured Onshore wind generation;;;7288.325;2025-09-10T04:00:00+02:00
1159;Measured Onshore wind generation;;;7527.214;2025-09-10T05:00:00+02:00
1159;Measured Onshore wind generation;;;8138.571;2025-09-10T06:00:00+02:00
1159;Measured Onshore wind generation;;;9035.119;2025-09-10T07:00:00+02:00
1159;Measured Onshore wind generation;;;8953.511;2025-09-10T08:00:00+02:00
1159;Measured Onshore wind generation;;;8281.375;2025-09-10T09:00:00+02:00
1159;Measured Onshore wind generation;;;8030.443;2025-09-10T10:00:00+02:00
1159;Measured Onshore wind generation;;;7634.07;2025-09-10T11:00:00+02:00
1159;Measured Onshore wind generation;;;7690.407;2025-09-10T12:00:00+02:00
1159;Measured Onshore wind generation;;;9834.712;2025-09-10T13:00:00+02:00
1159;Measured Onshore wind generation;;;9600.971;2025-09-10T14:00:00+02:00
1159;Measured Onshore wind generation;;;9993.998;2025-09-10T15:00:00+02:00
1159;Measured Onshore wind generation;;;10354.563;2025-09-10T16:00:00+02:00
1159;Measured Onshore wind generation;;;9860.248;2025-09-10T17:00:00+02:00
1159;Measured Onshore wind generation;;;10656.181;2025-09-10T18:00:00+02:00
1159;Measured Onshore wind generation;;;10710.921;2025-09-10T19:00:00+02:00
1159;Measured Onshore wind generation;;;9614.084;2025-09-10T20:00:00+02:00
1159;Measured Onshore wind generation;;;8430.328;2025-09-10T21:00:00+02:00
1159;Measured Onshore wind generation;;;8144.304;2025-09-10T22:00:00+02:00
1159;Measured Onshore wind generation;;;8349.849;2025-09-10T23:00:00+02:00
1159;Measured Onshore wind generation;;;8913.637;2025-09-11T00:00:00+02:00
1159;Measured Onshore wind generation;;;8925.731;2025-09-11T01:00:00+02:00
1159;Measured Onshore wind generation;;;8489.398;2025-09-11T02:00:00+02:00
1159;Measured Onshore wind generation;;;7721.096;2025-09-11T03:00:00+02:00
1159;Measured Onshore wind generation;;;8079.295;2025-09-11T04:00:00+02:00
1159;Measured Onshore wind generation;;;8042.533;2025-09-11T05:00:00+02:00
1159;Measured Onshore wind generation;;;7777.234;2025-09-11T06:00:00+02:00
1159;Measured Onshore wind generation;;;7615.65;2025-09-11T07:00:00+02:00
1159;Measured Onshore wind generation;;;7195.262;2025-09-11T08:00:00+02:00
1159;Measured Onshore wind generation;;;5497.351;2025-09-11T09:00:00+02:00
1159;Measured Onshore wind generation;;;3695.919;2025-09-11T10:00:00+02:00
1159;Measured Onshore wind generation;;;3892.693;2025-09-11T11:00:00+02:00
1159;Measured Onshore wind generation;;;4157.612;2025-09-11T12:00:00+02:00
1159;Measured Onshore wind generation;;;3686.735;2025-09-11T13:00:00+02:00
1159;Measured Onshore wind generation;;;3571.455;2025-09-11T14:00:00+02:00
1159;Measured Onshore wind generation;;;4104.938;2025-09-11T15:00:00+02:00
1159;Measured Onshore wind generation;;;4830.999;2025-09-11T16:00:00+02:00
1159;Measured Onshore wind generation;;;4425.874;2025-09-11T17:00:00+02:00
1159;Measured Onshore wind generation;;;6517.591;2025-09-11T18:00:00+02:00
1159;Measured Onshore wind generation;;;6966.726;2025-09-11T19:00:00+02:00
1159;Measured Onshore wind generation;;;6224.105;2025-09-11T20:00:00+02:00
1159;Measured Onshore wind generation;;;5288.223;2025-09-11T21:00:00+02:00
1159;Measured Onshore wind generation;;;4816.272;2025-09-11T22:00:00+02:00
1159;Measured Onshore wind generation;;;4696.121;2025-09-11T23:00:00+02:00
1159;Measured Onshore wind generation;;;4363.99;2025-09-12T00:00:00+02:00
1159;Measured Onshore wind generation;;;3937.442;2025-09-12T01:00:00+02:00
1159;Measured Onshore wind generation;;;3800.835;2025-09-12T02:00:00+02:00
1159;Measured Onshore wind generation;;;3929.353;2025-09-12T03:00:00+02:00
1159;Measured Onshore wind generation;;;3512;2025-09-12T04:00:00+02:00
1159;Measured Onshore wind generation;;;3122.209;2025-09-12T05:00:00+02:00
1159;Measured Onshore wind generation;;;2574.38;2025-09-12T06:00:00+02:00
1159;Measured Onshore wind generation;;;2051.513;2025-09-12T07:00:00+02:00
1159;Measured Onshore wind generation;;;1727.004;2025-09-12T08:00:00+02:00
1159;Measured Onshore wind generation;;;1315.319;2025-09-12T09:00:00+02:00
1159;Measured Onshore wind generation;;;1073.397;2025-09-12T10:00:00+02:00
1159;Measured Onshore wind generation;;;1072.953;2025-09-12T11:00:00+02:00
1159;Measured Onshore wind generation;;;1209.628;2025-09-12T12:00:00+02:00
1159;Measured Onshore wind generation;;;1668.43;2025-09-12T13:00:00+02:00
1159;Measured Onshore wind generation;;;2234.776;2025-09-12T14:00:00+02:00
1159;Measured Onshore wind generation;;;2876.928;2025-09-12T15:00:00+02:00
1159;Measured Onshore wind generation;;;3810.823;2025-09-12T16:00:00+02:00
1159;Measured Onshore wind generation;;;4773.636;2025-09-12T17:00:00+02:00
1159;Measured Onshore wind generation;;;5067.912;2025-09-12T18:00:00+02:00
1159;Measured Onshore wind generation;;;4589.155;2025-09-12T19:00:00+02:00
1159;Measured Onshore wind generation;;;4091.121;2025-09-12T20:00:00+02:00
1159;Measured Onshore wind generation;;;3984.226;2025-09-12T21:00:00+02:00
1159;Measured Onshore wind generation;;;4017.997;2025-09-12T22:00:00+02:00
1159;Measured Onshore wind generation;;;3695.615;2025-09-12T23:00:00+02:00
1159;Measured Onshore wind generation;;;3584.605;2025-09-13T00:00:00+02:00
1159;Measured Onshore wind generation;;;3532.183;2025-09-13T01:00:00+02:00
1159;Measured Onshore wind generation;;;3418.203;2025-09-13T02:00:00+02:00
1159;Measured Onshore wind generation;;;3058.022;2025-09-13T03:00:00+02:00
1159;Measured Onshore wind generation;;;2869.76;2025-09-13T04:00:00+02:00
1159;Measured Onshore wind generation;;;2905.804;2025-09-13T05:00:00+02:00
1159;Measured Onshore wind generation;;;2930.996;2025-09-13T06:00:00+02:00
1159;Measured Onshore wind generation;;;2674.47;2025-09-13T07:00:00+02:00
1159;Measured Onshore wind generation;;;2467.258;2025-09-13T08:00:00+02:00
1159;Measured Onshore wind generation;;;2087.459;2025-09-13T09:00:00+02:00
1159;Measured Onshore wind generation;;;1550.265;2025-09-13T10:00:00+02:00
1159;Measured Onshore wind generation;;;1403.549;2025-09-13T11:00:00+02:00
1159;Measured Onshore wind generation;;;1197.291;2025-09-13T12:00:00+02:00
1159;Measured Onshore wind generation;;;1796.991;2025-09-13T13:00:00+02:00
1159;Measured Onshore wind generation;;;2210.648;2025-09-13T14:00:00+02:00
1159;Measured Onshore wind generation;;;2193.782;2025-09-13T15:00:00+02:00
1159;Measured Onshore wind generation;;;2870.205;2025-09-13T16:00:00+02:00
1159;Measured Onshore wind generation;;;4127.252;2025-09-13T17:00:00+02:00
1159;Measured Onshore wind generation;;;4784.502;2025-09-13T18:00:00+02:00
1159;Measured Onshore wind generation;;;4808.529;2025-09-13T19:00:00+02:00
1159;Measured Onshore wind generation;;;5054.141;2025-09-13T20:00:00+02:00
1159;Measured Onshore wind generation;;;5447.8;2025-09-13T21:00:00+02:00
1159;Measured Onshore wind generation;;;5525.159;2025-09-13T22:00:00+02:00
1159;Measured Onshore wind generation;;;5546.055;2025-09-13T23:00:00+02:00
1159;Measured Onshore wind generation;;;5361.389;2025-09-14T00:00:00+02:00
1159;Measured Onshore wind generation;;;5278.386;2025-09-14T01:00:00+02:00
1159;Measured Onshore wind generation;;;5320.291;2025-09-14T02:00:00+02:00
1159;Measured Onshore wind generation;;;4976.872;2025-09-14T03:00:00+02:00
1159;Measured Onshore wind generation;;;4766.266;2025-09-14T04:00:00+02:00
1159;Measured Onshore wind generation;;;4536.674;2025-09-14T05:00:00+02:00
1159;Measured Onshore wind generation;;;4461.939;2025-09-14T06:00:00+02:00
1159;Measured Onshore wind generation;;;4171.124;2025-09-14T07:00:00+02:00
1159;Measured Onshore wind generation;;;3754.936;2025-09-14T08:00:00+02:00
1159;Measured Onshore wind generation;;;2574.912;2025-09-14T09:00:00+02:00
1159;Measured Onshore wind generation;;;1670.132;2025-09-14T10:00:00+02:00
1159;Measured Onshore wind generation;;;1349.483;2025-09-14T11:00:00+02:00
1159;Measured Onshore wind generation;;;1420.21;2025-09-14T12:00:00+02:00
1159;Measured Onshore wind generation;;;1471.583;2025-09-14T13:00:00+02:00
1159;Measured Onshore wind generation;;;1843.332;2025-09-14T14:00:00+02:00
1159;Measured Onshore wind generation;;;1637.062;2025-09-14T15:00:00+02:00
1159;Measured Onshore wind generation;;;1934.608;2025-09-14T16:00:00+02:00
1159;Measured Onshore wind generation;;;2197.405;2025-09-14T17:00:00+02:00
1159;Measured Onshore wind generation;;;2937.902;2025-09-14T18:00:00+02:00
1159;Measured Onshore wind generation;;;3316.353;2025-09-14T19:00:00+02:00
1159;Measured Onshore wind generation;;;3553.249;2025-09-14T20:00:00+02:00
1159;Measured Onshore wind generation;;;3553.392;2025-09-14T21:00:00+02:00
1159;Measured Onshore wind generation;;;3592.752;2025-09-14T22:00:00+02:00
1159;Measured Onshore wind generation;;;3779.389;2025-09-14T23:00:00+02:00
1159;Measured Onshore wind generation;;;3885.74;2025-09-15T00:00:00+02:00
1159;Measured Onshore wind generation;;;4096.59;2025-09-15T01:00:00+02:00
1159;Measured Onshore wind generation;;;4184.54;2025-09-15T02:00:00+02:00
1159;Measured Onshore wind generation;;;4239.205;2025-09-15T03:00:00+02:00
1159;Measured Onshore wind generation;;;3858.365;2025-09-15T04:00:00+02:00
1159;Measured Onshore wind generation;;;3554.39;2025-09-15T05:00:00+02:00
1159;Measured Onshore wind generation;;;3291.343;2025-09-15T06:00:00+02:00
1159;Measured Onshore wind generation;;;2992.98;2025-09-15T07:00:00+02:00
1159;Measured Onshore wind generation;;;2490.196;2025-09-15T08:00:00+02:00
1159;Measured Onshore wind generation;;;1877.507;2025-09-15T09:00:00+02:00
1159;Measured Onshore wind generation;;;1491.712;2025-09-15T10:00:00+02:00
1159;Measured Onshore wind generation;;;1339.773;2025-09-15T11:00:00+02:00
1159;Measured Onshore wind generation;;;1336.968;2025-09-15T12:00:00+02:00
1159;Measured Onshore wind generation;;;1513.183;2025-09-15T13:00:00+02:00
1159;Measured Onshore wind generation;;;1578.754;2025-09-15T14:00:00+02:00
1159;Measured Onshore wind generation;;;2064.036;2025-09-15T15:00:00+02:00
1159;Measured Onshore wind generation;;;2608.38;2025-09-15T16:00:00+02:00
1159;Measured Onshore wind generation;;;3298.667;2025-09-15T17:00:00+02:00
1159;Measured Onshore wind generation;;;4699.382;2025-09-15T18:00:00+02:00
1159;Measured Onshore wind generation;;;5940.799;2025-09-15T19:00:00+02:00
1159;Measured Onshore wind generation;;;7416.284;2025-09-15T20:00:00+02:00
1159;Measured Onshore wind generation;;;8437.455;2025-09-15T21:00:00+02:00
1159;Measured Onshore wind generation;;;8187.249;2025-09-15T22:00:00+02:00
1159;Measured Onshore wind generation;;;7945.808;2025-09-15T23:00:00+02:00
1159;Measured Onshore wind generation;;;7689.886;2025-09-16T00:00:00+02:00
1159;Measured Onshore wind generation;;;7300.513;2025-09-16T01:00:00+02:00
1159;Measured Onshore wind generation;;;7262.375;2025-09-16T02:00:00+02:00
1159;Measured Onshore wind generation;;;6883.605;2025-09-16T03:00:00+02:00
1159;Measured Onshore wind generation;;;6243.189;2025-09-16T04:00:00+02:00
1159;Measured Onshore wind generation;;;5714.947;2025-09-16T05:00:00+02:00
1159;Measured Onshore wind generation;;;5588.124;2025-09-16T06:00:00+02:00
1159;Measured Onshore wind generation;;;5449.198;2025-09-16T07:00:00+02:00
1159;Measured Onshore wind generation;;;4925.839;2025-09-16T08:00:00+02:00
1159;Measured Onshore wind generation;;;3797.059;2025-09-16T09:00:00+02:00
1159;Measured Onshore wind generation;;;2907.307;2025-09-16T10:00:00+02:00
1159;Measured Onshore wind generation;;;2316.533;2025-09-16T11:00:00+02:00
1159;Measured Onshore wind generation;;;1845.425;2025-09-16T12:00:00+02:00
1159;Measured Onshore wind generation;;;1990.089;2025-09-16T13:00:00+02:00
1159;Measured Onshore wind generation;;;2166.419;2025-09-16T14:00:00+02:00
1159;Measured Onshore wind generation;;;2149.144;2025-09-16T15:00:00+02:00
1159;Measured Onshore wind generation;;;2649.937;2025-09-16T16:00:00+02:00
1159;Measured Onshore wind generation;;;2777.677;2025-09-16T17:00:00+02:00
1159;Measured Onshore wind generation;;;2751.945;2025-09-16T18:00:00+02:00
1159;Measured Onshore wind generation;;;2668.708;2025-09-16T19:00:00+02:00
1159;Measured Onshore wind generation;;;2777.767;2025-09-16T20:00:00+02:00
1159;Measured Onshore wind generation;;;2720.31;2025-09-16T21:00:00+02:00
1159;Measured Onshore wind generation;;;2579.193;2025-09-16T22:00:00+02:00
1159;Measured Onshore wind generation;;;2528.281;2025-09-16T23:00:00+02:00
1159;Measured Onshore wind generation;;;2539.878;2025-09-17T00:00:00+02:00
1159;Measured Onshore wind generation;;;2614.674;2025-09-17T01:00:00+02:00
1159;Measured Onshore wind generation;;;2685.987;2025-09-17T02:00:00+02:00
1159;Measured Onshore wind generation;;;2549.453;2025-09-17T03:00:00+02:00
1159;Measured Onshore wind generation;;;2334.526;2025-09-17T04:00:00+02:00
1159;Measured Onshore wind generation;;;2139.424;2025-09-17T05:00:00+02:00
1159;Measured Onshore wind generation;;;1956.123;2025-09-17T06:00:00+02:00
1159;Measured Onshore wind generation;;;1852.565;2025-09-17T07:00:00+02:00
1159;Measured Onshore wind generation;;;1665.876;2025-09-17T08:00:00+02:00
1159;Measured Onshore wind generation;;;1354.303;2025-09-17T09:00:00+02:00
1159;Measured Onshore wind generation;;;1126.43;2025-09-17T10:00:00+02:00
1159;Measured Onshore wind generation;;;1111.957;2025-09-17T11:00:00+02:00
1159;Measured Onshore wind generation;;;1182.31;2025-09-17T12:00:00+02:00
1159;Measured Onshore wind generation;;;1254.967;2025-09-17T13:00:00+02:00
1159;Measured Onshore wind generation;;;1384.889;2025-09-17T14:00:00+02:00
1159;Measured Onshore wind generation;;;1552.156;2025-09-17T15:00:00+02:00
1159;Measured Onshore wind generation;;;1714.144;2025-09-17T16:00:00+02:00
1159;Measured Onshore wind generation;;;1970.899;2025-09-17T17:00:00+02:00
1159;Measured Onshore wind generation;;;2108.964;2025-09-17T18:00:00+02:00
1159;Measured Onshore wind generation;;;2261.632;2025-09-17T19:00:00+02:00
1159;Measured Onshore wind generation;;;2536.32;2025-09-17T20:00:00+02:00
1159;Measured Onshore wind generation;;;2862.069;2025-09-17T21:00:00+02:00
1159;Measured Onshore wind generation;;;2778.055;2025-09-17T22:00:00+02:00
1159;Measured Onshore wind generation;;;2859.601;2025-09-17T23:00:00+02:00
1159;Measured Onshore wind generation;;;2932.366;2025-09-18T00:00:00+02:00
1159;Measured Onshore wind generation;;;2948.146;2025-09-18T01:00:00+02:00
1159;Measured Onshore wind generation;;;2823.959;2025-09-18T02:00:00+02:00
1159;Measured Onshore wind generation;;;2387.027;2025-09-18T03:00:00+02:00
1159;Measured Onshore wind generation;;;2147.128;2025-09-18T04:00:00+02:00
1159;Measured Onshore wind generation;;;2051.763;2025-09-18T05:00:00+02:00
1159;Measured Onshore wind generation;;;2104.27;2025-09-18T06:00:00+02:00
1159;Measured Onshore wind generation;;;2220.964;2025-09-18T07:00:00+02:00
1159;Measured Onshore wind generation;;;2534.054;2025-09-18T08:00:00+02:00
1159;Measured Onshore wind generation;;;2470.312;2025-09-18T09:00:00+02:00
1159;Measured Onshore wind generation;;;1914.81;2025-09-18T10:00:00+02:00
1159;Measured Onshore wind generation;;;1822.036;2025-09-18T11:00:00+02:00
1159;Measured Onshore wind generation;;;2035.7;2025-09-18T12:00:00+02:00
1159;Measured Onshore wind generation;;;2394.363;2025-09-18T13:00:00+02:00
1159;Measured Onshore wind generation;;;3113.772;2025-09-18T14:00:00+02:00
1159;Measured Onshore wind generation;;;3965.059;2025-09-18T15:00:00+02:00
1159;Measured Onshore wind generation;;;4560.919;2025-09-18T16:00:00+02:00
1159;Measured Onshore wind generation;;;4921.437;2025-09-18T17:00:00+02:00
1159;Measured Onshore wind generation;;;5144.764;2025-09-18T18:00:00+02:00
1159;Measured Onshore wind generation;;;5398.425;2025-09-18T19:00:00+02:00
1159;Measured Onshore wind generation;;;5649.122;2025-09-18T20:00:00+02:00
1159;Measured Onshore wind generation;;;5512.344;2025-09-18T21:00:00+02:00
1159;Measured Onshore wind generation;;;5214.42;2025-09-18T22:00:00+02:00
1159;Measured Onshore wind generation;;;4825.33;2025-09-18T23:00:00+02:00
1159;Measured Onshore wind generation;;;4973.704;2025-09-19T00:00:00+02:00
1159;Measured Onshore wind generation;;;5401.047;2025-09-19T01:00:00+02:00
1159;Measured Onshore wind generation;;;5216.877;2025-09-19T02:00:00+02:00
1159;Measured Onshore wind generation;;;4818.656;2025-09-19T03:00:00+02:00
1159;Measured Onshore wind generation;;;4599.754;2025-09-19T04:00:00+02:00
1159;Measured Onshore wind generation;;;4914.872;2025-09-19T05:00:00+02:00
1159;Measured Onshore wind generation;;;5104.276;2025-09-19T06:00:00+02:00
1159;Measured Onshore wind generation;;;5109.039;2025-09-19T07:00:00+02:00
1159;Measured Onshore wind generation;;;5088.308;2025-09-19T08:00:00+02:00
1159;Measured Onshore wind generation;;;4940.704;2025-09-19T09:00:00+02:00
1159;Measured Onshore wind generation;;;4543.749;2025-09-19T10:00:00+02:00
1159;Measured Onshore wind generation;;;4536.282;2025-09-19T11:00:00+02:00
1159;Measured Onshore wind generation;;;4771.268;2025-09-19T12:00:00+02:00
1159;Measured Onshore wind generation;;;5351.773;2025-09-19T13:00:00+02:00
1159;Measured Onshore wind generation;;;6294.833;2025-09-19T14:00:00+02:00
1159;Measured Onshore wind generation;;;7157.581;2025-09-19T15:00:00+02:00
1159;Measured Onshore wind generation;;;7544.726;2025-09-19T16:00:00+02:00
1159;Measured Onshore wind generation;;;8088.978;2025-09-19T17:00:00+02:00
1159;Measured Onshore wind generation;;;8706.499;2025-09-19T18:00:00+02:00
1159;Measured Onshore wind generation;;;9714.821;2025-09-19T19:00:00+02:00
1159;Measured Onshore wind generation;;;10787.82;2025-09-19T20:00:00+02:00
1159;Measured Onshore wind generation;;;11326.413;2025-09-19T21:00:00+02:00
1159;Measured Onshore wind generation;;;10280.516;2025-09-19T22:00:00+02:00
1159;Measured Onshore wind generation;;;9217.793;2025-09-19T23:00:00+02:00
1159;Measured Onshore wind generation;;;8152.126;2025-09-20T00:00:00+02:00
1159;Measured Onshore wind generation;;;8174.036;2025-09-20T01:00:00+02:00
1159;Measured Onshore wind generation;;;8043.629;2025-09-20T02:00:00+02:00
1159;Measured Onshore wind generation;;;7860.784;2025-09-20T03:00:00+02:00
1159;Measured Onshore wind generation;;;7554.81;2025-09-20T04:00:00+02:00
1159;Measured Onshore wind generation;;;7089.89;2025-09-20T05:00:00+02:00
1159;Measured Onshore wind generation;;;6923.742;2025-09-20T06:00:00+02:00
1159;Measured Onshore wind generation;;;6315.86;2025-09-20T07:00:00+02:00
1159;Measured Onshore wind generation;;;5852.663;2025-09-20T08:00:00+02:00
1159;Measured Onshore wind generation;;;5265.249;2025-09-20T09:00:00+02:00
1159;Measured Onshore wind generation;;;4182.842;2025-09-20T10:00:00+02:00
1159;Measured Onshore wind generation;;;3894.729;2025-09-20T11:00:00+02:00
1159;Measured Onshore wind generation;;;3794.597;2025-09-20T12:00:00+02:00
1159;Measured Onshore wind generation;;;4023.284;2025-09-20T13:00:00+02:00
1159;Measured Onshore wind generation;;;4436.967;2025-09-20T14:00:00+02:00
1159;Measured Onshore wind generation;;;5034.656;2025-09-20T15:00:00+02:00
1159;Measured Onshore wind generation;;;5678.3;2025-09-20T16:00:00+02:00
1159;Measured Onshore wind generation;;;6415.305;2025-09-20T17:00:00+02:00
1159;Measured Onshore wind generation;;;7337.544;2025-09-20T18:00:00+02:00
1159;Measured Onshore wind generation;;;7560.698;2025-09-20T19:00:00+02:00
1159;Measured Onshore wind generation;;;7151.965;2025-09-20T20:00:00+02:00
1159;Measured Onshore wind generation;;;7661.265;2025-09-20T21:00:00+02:00
1159;Measured Onshore wind generation;;;6088.17;2025-09-20T22:00:00+02:00
1159;Measured Onshore wind generation;;;5895.971;2025-09-20T23:00:00+02:00
1159;Measured Onshore wind generation;;;6622.97;2025-09-21T00:00:00+02:00
1159;Measured Onshore wind generation;;;6604.826;2025-09-21T01:00:00+02:00
1159;Measured Onshore wind generation;;;6056.54;2025-09-21T02:00:00+02:00
1159;Measured Onshore wind generation;;;5468.505;2025-09-21T03:00:00+02:00
1159;Measured Onshore wind generation;;;5320.415;2025-09-21T04:00:00+02:00
1159;Measured Onshore wind generation;;;5540.758;2025-09-21T05:00:00+02:00
1159;Measured Onshore wind generation;;;5441.664;2025-09-21T06:00:00+02:00
1159;Measured Onshore wind generation;;;5698.476;2025-09-21T07:00:00+02:00
1159;Measured Onshore wind generation;;;5761.098;2025-09-21T08:00:00+02:00
1159;Measured Onshore wind generation;;;4954.84;2025-09-21T09:00:00+02:00
1159;Measured Onshore wind generation;;;4919.324;2025-09-21T10:00:00+02:00
1159;Measured Onshore wind generation;;;3636.794;2025-09-21T11:00:00+02:00
1159;Measured Onshore wind generation;;;3485.355;2025-09-21T12:00:00+02:00
1159;Measured Onshore wind generation;;;3904.536;2025-09-21T13:00:00+02:00
1159;Measured Onshore wind generation;;;4697.398;2025-09-21T14:00:00+02:00
1159;Measured Onshore wind generation;;;5310.339;2025-09-21T15:00:00+02:00
1159;Measured Onshore wind generation;;;5996.193;2025-09-21T16:00:00+02:00
1159;Measured Onshore wind generation;;;6370.218;2025-09-21T17:00:00+02:00
1159;Measured Onshore wind generation;;;8342.358;2025-09-21T18:00:00+02:00
1159;Measured Onshore wind generation;;;12310.641;2025-09-21T19:00:00+02:00
1159;Measured Onshore wind generation;;;12653.034;2025-09-21T20:00:00+02:00
1159;Measured Onshore wind generation;;;12524.65;2025-09-21T21:00:00+02:00
1159;Measured Onshore wind generation;;;12571.001;2025-09-21T22:00:00+02:00
1159;Measured Onshore wind generation;;;11866.439;2025-09-21T23:00:00+02:00
1159;Measured Onshore wind generation;;;10528.935;2025-09-22T00:00:00+02:00
1159;Measured Onshore wind generation;;;9522.059;2025-09-22T01:00:00+02:00
1159;Measured Onshore wind generation;;;8629.455;2025-09-22T02:00:00+02:00
1159;Measured Onshore wind generation;;;8426.012;2025-09-22T03:00:00+02:00
1159;Measured Onshore wind generation;;;8015.396;2025-09-22T04:00:00+02:00
1159;Measured Onshore wind generation;;;7766.847;2025-09-22T05:00:00+02:00
1159;Measured Onshore wind generation;;;7536.815;2025-09-22T06:00:00+02:00
1159;Measured Onshore wind generation;;;7097.296;2025-09-22T07:00:00+02:00
1159;Measured Onshore wind generation;;;6803.724;2025-09-22T08:00:00+02:00
1159;Measured Onshore wind generation;;;5756.499;2025-09-22T09:00:00+02:00
1159;Measured Onshore wind generation;;;4377.444;2025-09-22T10:00:00+02:00
1159;Measured Onshore wind generation;;;3764.619;2025-09-22T11:00:00+02:00
1159;Measured Onshore wind generation;;;3611.739;2025-09-22T12:00:00+02:00
1159;Measured Onshore wind generation;;;4486.36;2025-09-22T13:00:00+02:00
1159;Measured Onshore wind generation;;;4487.412;2025-09-22T14:00:00+02:00
1159;Measured Onshore wind generation;;;4710.917;2025-09-22T15:00:00+02:00
1159;Measured Onshore wind generation;;;5081.575;2025-09-22T16:00:00+02:00
1159;Measured Onshore wind generation;;;5345.003;2025-09-22T17:00:00+02:00
1159;Measured Onshore wind generation;;;6308.102;2025-09-22T18:00:00+02:00
1159;Measured Onshore wind generation;;;7527.892;2025-09-22T19:00:00+02:00
1159;Measured Onshore wind generation;;;7919.072;2025-09-22T20:00:00+02:00
1159;Measured Onshore wind generation;;;8312.885;2025-09-22T21:00:00+02:00
1159;Measured Onshore wind generation;;;8477.347;2025-09-22T22:00:00+02:00
1159;Measured Onshore wind generation;;;8410.155;2025-09-22T23:00:00+02:00
1159;Measured Onshore wind generation;;;7864.902;2025-09-23T00:00:00+02:00
1159;Measured Onshore wind generation;;;7432.256;2025-09-23T01:00:00+02:00
1159;Measured Onshore wind generation;;;7084.213;2025-09-23T02:00:00+02:00
1159;Measured Onshore wind generation;;;7216.608;2025-09-23T03:00:00+02:00
1159;Measured Onshore wind generation;;;7758.239;2025-09-23T04:00:00+02:00
1159;Measured Onshore wind generation;;;8314.774;2025-09-23T05:00:00+02:00
1159;Measured Onshore wind generation;;;8257.302;2025-09-23T06:00:00+02:00
1159;Measured Onshore wind generation;;;8172.456;2025-09-23T07:00:00+02:00
1159;Measured Onshore wind generation;;;7908.069;2025-09-23T08:00:00+02:00
1159;Measured Onshore wind generation;;;6972.431;2025-09-23T09:00:00+02:00
1159;Measured Onshore wind generation;;;6284.287;2025-09-23T10:00:00+02:00
1159;Measured Onshore wind generation;;;5747.85;2025-09-23T11:00:00+02:00
1159;Measured Onshore wind generation;;;5189.597;2025-09-23T12:00:00+02:00
1159;Measured Onshore wind generation;;;4509.64;2025-09-23T13:00:00+02:00
1159;Measured Onshore wind generation;;;4369.936;2025-09-23T14:00:00+02:00
1159;Measured Onshore wind generation;;;4313.13;2025-09-23T15:00:00+02:00
1159;Measured Onshore wind generation;;;4969.317;2025-09-23T16:00:00+02:00
1159;Measured Onshore wind generation;;;6323.134;2025-09-23T17:00:00+02:00
1159;Measured Onshore wind generation;;;8461.068;2025-09-23T18:00:00+02:00
1159;Measured Onshore wind generation;;;9906.109;2025-09-23T19:00:00+02:00
1159;Measured Onshore wind generation;;;10190.527;2025-09-23T20:00:00+02:00
1159;Measured Onshore wind generation;;;10840.372;2025-09-23T21:00:00+02:00
1159;Measured Onshore wind generation;;;11094.394;2025-09-23T22:00:00+02:00
1159;Measured Onshore wind generation;;;10911.3;2025-09-23T23:00:00+02:00
1159;Measured Onshore wind generation;;;10653.335;2025-09-24T00:00:00+02:00
1159;Measured Onshore wind generation;;;10031.31;2025-09-24T01:00:00+02:00
1159;Measured Onshore wind generation;;;9084.477;2025-09-24T02:00:00+02:00
1159;Measured Onshore wind generation;;;8546.111;2025-09-24T03:00:00+02:00
1159;Measured Onshore wind generation;;;8498.018;2025-09-24T04:00:00+02:00
1159;Measured Onshore wind generation;;;8508.377;2025-09-24T05:00:00+02:00
1159;Measured Onshore wind generation;;;7803.9;2025-09-24T06:00:00+02:00
1159;Measured Onshore wind generation;;;7365.949;2025-09-24T07:00:00+02:00
1159;Measured Onshore wind generation;;;6958.218;2025-09-24T08:00:00+02:00
1159;Measured Onshore wind generation;;;6190.553;2025-09-24T09:00:00+02:00
1159;Measured Onshore wind generation;;;5866.406;2025-09-24T10:00:00+02:00
1159;Measured Onshore wind generation;;;4788.296;2025-09-24T11:00:00+02:00
1159;Measured Onshore wind generation;;;4433.321;2025-09-24T12:00:00+02:00
1159;Measured Onshore wind generation;;;4254.186;2025-09-24T13:00:00+02:00
1159;Measured Onshore wind generation;;;3461.196;2025-09-24T14:00:00+02:00
1159;Measured Onshore wind generation;;;3519.858;2025-09-24T15:00:00+02:00
1159;Measured Onshore wind generation;;;4095.251;2025-09-24T16:00:00+02:00
1159;Measured Onshore wind generation;;;5419.097;2025-09-24T17:00:00+02:00
1159;Measured Onshore wind generation;;;6086.978;2025-09-24T18:00:00+02:00
1159;Measured Onshore wind generation;;;6573.846;2025-09-24T19:00:00+02:00
1159;Measured Onshore wind generation;;;7203.757;2025-09-24T20:00:00+02:00
1159;Measured Onshore wind generation;;;7532.847;2025-09-24T21:00:00+02:00
1159;Measured Onshore wind generation;;;7800.505;2025-09-24T22:00:00+02:00
1159;Measured Onshore wind generation;;;8006.896;2025-09-24T23:00:00+02:00
1159;Measured Onshore wind generation;;;7856.829;2025-09-25T00:00:00+02:00
1159;Measured Onshore wind generation;;;7876.217;2025-09-25T01:00:00+02:00
1159;Measured Onshore wind generation;;;7583.132;2025-09-25T02:00:00+02:00
1159;Measured Onshore wind generation;;;6974.516;2025-09-25T03:00:00+02:00
1159;Measured Onshore wind generation;;;6539.382;2025-09-25T04:00:00+02:00
1159;Measured Onshore wind generation;;;6130.178;2025-09-25T05:00:00+02:00
1159;Measured Onshore wind generation;;;5859.471;2025-09-25T06:00:00+02:00
1159;Measured Onshore wind generation;;;5351.961;2025-09-25T07:00:00+02:00
1159;Measured Onshore wind generation;;;4593.218;2025-09-25T08:00:00+02:00
1159;Measured Onshore wind generation;;;3722.13;2025-09-25T09:00:00+02:00
1159;Measured Onshore wind generation;;;3198.427;2025-09-25T10:00:00+02:00
1159;Measured Onshore wind generation;;;2773.129;2025-09-25T11:00:00+02:00
1159;Measured Onshore wind generation;;;2556.983;2025-09-25T12:00:00+02:00
1159;Measured Onshore wind generation;;;2419.349;2025-09-25T13:00:00+02:00
1159;Measured Onshore wind generation;;;2471.111;2025-09-25T14:00:00+02:00
1159;Measured Onshore wind generation;;;2504.407;2025-09-25T15:00:00+02:00
1159;Measured Onshore wind generation;;;3142.324;2025-09-25T16:00:00+02:00
1159;Measured Onshore wind generation;;;3391.354;2025-09-25T17:00:00+02:00
1159;Measured Onshore wind generation;;;3769.866;2025-09-25T18:00:00+02:00
1159;Measured Onshore wind generation;;;3996.073;2025-09-25T19:00:00+02:00
1159;Measured Onshore wind generation;;;3639.196;2025-09-25T20:00:00+02:00
1159;Measured Onshore wind generation;;;3310.142;2025-09-25T21:00:00+02:00
1159;Measured Onshore wind generation;;;2978.691;2025-09-25T22:00:00+02:00
1159;Measured Onshore wind generation;;;2809.738;2025-09-25T23:00:00+02:00
1159;Measured Onshore wind generation;;;2414.51;2025-09-26T00:00:00+02:00
1159;Measured Onshore wind generation;;;2198.01;2025-09-26T01:00:00+02:00
1159;Measured Onshore wind generation;;;1810.556;2025-09-26T02:00:00+02:00
1159;Measured Onshore wind generation;;;1568.704;2025-09-26T03:00:00+02:00
1159;Measured Onshore wind generation;;;1372.027;2025-09-26T04:00:00+02:00
1159;Measured Onshore wind generation;;;1113.035;2025-09-26T05:00:00+02:00
1159;Measured Onshore wind generation;;;991.961;2025-09-26T06:00:00+02:00
1159;Measured Onshore wind generation;;;1135.806;2025-09-26T07:00:00+02:00
1159;Measured Onshore wind generation;;;1245.436;2025-09-26T08:00:00+02:00
1159;Measured Onshore wind generation;;;1136.957;2025-09-26T09:00:00+02:00
1159;Measured Onshore wind generation;;;933.484;2025-09-26T10:00:00+02:00
1159;Measured Onshore wind generation;;;839.431;2025-09-26T11:00:00+02:00
1159;Measured Onshore wind generation;;;1046.992;2025-09-26T12:00:00+02:00
1159;Measured Onshore wind generation;;;1397.482;2025-09-26T13:00:00+02:00
1159;Measured Onshore wind generation;;;2000.186;2025-09-26T14:00:00+02:00
1159;Measured Onshore wind generation;;;2334.46;2025-09-26T15:00:00+02:00
1159;Measured Onshore wind generation;;;2491.829;2025-09-26T16:00:00+02:00
1159;Measured Onshore wind generation;;;2456.005;2025-09-26T17:00:00+02:00
1159;Measured Onshore wind generation;;;2286.724;2025-09-26T18:00:00+02:00
1159;Measured Onshore wind generation;;;2251.34;2025-09-26T19:00:00+02:00
1159;Measured Onshore wind generation;;;2061.95;2025-09-26T20:00:00+02:00
1159;Measured Onshore wind generation;;;2019.338;2025-09-26T21:00:00+02:00
1159;Measured Onshore wind generation;;;1945.692;2025-09-26T22:00:00+02:00
1159;Measured Onshore wind generation;;;1723.866;2025-09-26T23:00:00+02:00
1159;Measured Onshore wind generation;;;1652.481;2025-09-27T00:00:00+02:00
1159;Measured Onshore wind generation;;;1561.114;2025-09-27T01:00:00+02:00
1159;Measured Onshore wind generation;;;1775.34;2025-09-27T02:00:00+02:00
1159;Measured Onshore wind generation;;;1862.021;2025-09-27T03:00:00+02:00
1159;Measured Onshore wind generation;;;1997.752;2025-09-27T04:00:00+02:00
1159;Measured Onshore wind generation;;;2106.585;2025-09-27T05:00:00+02:00
1159;Measured Onshore wind generation;;;2289.497;2025-09-27T06:00:00+02:00
1159;Measured Onshore wind generation;;;2517.828;2025-09-27T07:00:00+02:00
1159;Measured Onshore wind generation;;;2579.889;2025-09-27T08:00:00+02:00
1159;Measured Onshore wind generation;;;2691.846;2025-09-27T09:00:00+02:00
1159;Measured Onshore wind generation;;;2241.946;2025-09-27T10:00:00+02:00
1159;Measured Onshore wind generation;;;2081.408;2025-09-27T11:00:00+02:00
1159;Measured Onshore wind generation;;;2963.751;2025-09-27T12:00:00+02:00
1159;Measured Onshore wind generation;;;3474.911;2025-09-27T13:00:00+02:00
1159;Measured Onshore wind generation;;;3750.361;2025-09-27T14:00:00+02:00
1159;Measured Onshore wind generation;;;3936.152;2025-09-27T15:00:00+02:00
1159;Measured Onshore wind generation;;;4241.98;2025-09-27T16:00:00+02:00
1159;Measured Onshore wind generation;;;5415.927;2025-09-27T17:00:00+02:00
1159;Measured Onshore wind generation;;;5466.769;2025-09-27T18:00:00+02:00
1159;Measured Onshore wind generation;;;5136.372;2025-09-27T19:00:00+02:00
1159;Measured Onshore wind generation;;;5168.59;2025-09-27T20:00:00+02:00
1159;Measured Onshore wind generation;;;5407.815;2025-09-27T21:00:00+02:00
1159;Measured Onshore wind generation;;;5541.324;2025-09-27T22:00:00+02:00
1159;Measured Onshore wind generation;;;5426.962;2025-09-27T23:00:00+02:00
1159;Measured Onshore wind generation;;;5251.269;2025-09-28T00:00:00+02:00
1159;Measured Onshore wind generation;;;5072.336;2025-09-28T01:00:00+02:00
1159;Measured Onshore wind generation;;;4918.561;2025-09-28T02:00:00+02:00
1159;Measured Onshore wind generation;;;4916.447;2025-09-28T03:00:00+02:00
1159;Measured Onshore wind generation;;;5227.898;2025-09-28T04:00:00+02:00
1159;Measured Onshore wind generation;;;5555.949;2025-09-28T05:00:00+02:00
1159;Measured Onshore wind generation;;;5621.356;2025-09-28T06:00:00+02:00
1159;Measured Onshore wind generation;;;5927.125;2025-09-28T07:00:00+02:00
1159;Measured Onshore wind generation;;;5838.61;2025-09-28T08:00:00+02:00
1159;Measured Onshore wind generation;;;5279.379;2025-09-28T09:00:00+02:00
1159;Measured Onshore wind generation;;;5334.772;2025-09-28T10:00:00+02:00
1159;Measured Onshore wind generation;;;5321.466;2025-09-28T11:00:00+02:00
1159;Measured Onshore wind generation;;;5362.967;2025-09-28T12:00:00+02:00
1159;Measured Onshore wind generation;;;5028.379;2025-09-28T13:00:00+02:00
1159;Measured Onshore wind generation;;;5614.953;2025-09-28T14:00:00+02:00
1159;Measured Onshore wind generation;;;6689.807;2025-09-28T15:00:00+02:00
1159;Measured Onshore wind generation;;;7037.708;2025-09-28T16:00:00+02:00
1159;Measured Onshore wind generation;;;8440.366;2025-09-28T17:00:00+02:00
1159;Measured Onshore wind generation;;;10625.876;2025-09-28T18:00:00+02:00
1159;Measured Onshore wind generation;;;10606.503;2025-09-28T19:00:00+02:00
1159;Measured Onshore wind generation;;;11567.847;2025-09-28T20:00:00+02:00
1159;Measured Onshore wind generation;;;10995.539;2025-09-28T21:00:00+02:00
1159;Measured Onshore wind generation;;;9555.109;2025-09-28T22:00:00+02:00
1159;Measured Onshore wind generation;;;9457.757;2025-09-28T23:00:00+02:00
1159;Measured Onshore wind generation;;;9531.121;2025-09-29T00:00:00+02:00
1159;Measured Onshore wind generation;;;9074.58;2025-09-29T01:00:00+02:00
1159;Measured Onshore wind generation;;;8771.902;2025-09-29T02:00:00+02:00
1159;Measured Onshore wind generation;;;8481.538;2025-09-29T03:00:00+02:00
1159;Measured Onshore wind generation;;;8927.235;2025-09-29T04:00:00+02:00
1159;Measured Onshore wind generation;;;9216.923;2025-09-29T05:00:00+02:00
1159;Measured Onshore wind generation;;;9271.558;2025-09-29T06:00:00+02:00
1159;Measured Onshore wind generation;;;9047.561;2025-09-29T07:00:00+02:00
1159;Measured Onshore wind generation;;;8785.419;2025-09-29T08:00:00+02:00
1159;Measured Onshore wind generation;;;8556.892;2025-09-29T09:00:00+02:00
1159;Measured Onshore wind generation;;;8244.183;2025-09-29T10:00:00+02:00
1159;Measured Onshore wind generation;;;7749.959;2025-09-29T11:00:00+02:00
1159;Measured Onshore wind generation;;;7303.128;2025-09-29T12:00:00+02:00
1159;Measured Onshore wind generation;;;6857.648;2025-09-29T13:00:00+02:00
1159;Measured Onshore wind generation;;;6595.873;2025-09-29T14:00:00+02:00
1159;Measured Onshore wind generation;;;6375.217;2025-09-29T15:00:00+02:00
1159;Measured Onshore wind generation;;;6350.382;2025-09-29T16:00:00+02:00
1159;Measured Onshore wind generation;;;6511.672;2025-09-29T17:00:00+02:00
1159;Measured Onshore wind generation;;;6846.444;2025-09-29T18:00:00+02:00
1159;Measured Onshore wind generation;;;7081.964;2025-09-29T19:00:00+02:00
1159;Measured Onshore wind generation;;;7083.676;2025-09-29T20:00:00+02:00
1159;Measured Onshore wind generation;;;7519.677;2025-09-29T21:00:00+02:00
1159;Measured Onshore wind generation;;;7600.073;2025-09-29T22:00:00+02:00
1159;Measured Onshore wind generation;;;7262.222;2025-09-29T23:00:00+02:00
1159;Measured Onshore wind generation;;;7206.555;2025-09-30T00:00:00+02:00
1159;Measured Onshore wind generation;;;6994.126;2025-09-30T01:00:00+02:00
1159;Measured Onshore wind generation;;;6572.872;2025-09-30T02:00:00+02:00
1159;Measured Onshore wind generation;;;6018.897;2025-09-30T03:00:00+02:00
1159;Measured Onshore wind generation;;;5465.823;2025-09-30T04:00:00+02:00
1159;Measured Onshore wind generation;;;5074.88;2025-09-30T05:00:00+02:00
1159;Measured Onshore wind generation;;;4712.247;2025-09-30T06:00:00+02:00
1159;Measured Onshore wind generation;;;4531.487;2025-09-30T07:00:00+02:00
1159;Measured Onshore wind generation;;;4104.7;2025-09-30T08:00:00+02:00
1159;Measured Onshore wind generation;;;3600.117;2025-09-30T09:00:00+02:00
1159;Measured Onshore wind generation;;;3011.064;2025-09-30T10:00:00+02:00
1159;Measured Onshore wind generation;;;2590.366;2025-09-30T11:00:00+02:00
1159;Measured Onshore wind generation;;;2289.535;2025-09-30T12:00:00+02:00
1159;Measured Onshore wind generation;;;1847.615;2025-09-30T13:00:00+02:00
1159;Measured Onshore wind generation;;;1757.017;2025-09-30T14:00:00+02:00
1159;Measured Onshore wind generation;;;1777.358;2025-09-30T15:00:00+02:00
1159;Measured Onshore wind generation;;;2004.241;2025-09-30T16:00:00+02:00
1159;Measured Onshore wind generation;;;2373.089;2025-09-30T17:00:00+02:00
1159;Measured Onshore wind generation;;;2608.561;2025-09-30T18:00:00+02:00
1159;Measured Onshore wind generation;;;2857.048;2025-09-30T19:00:00+02:00
1159;Measured Onshore wind generation;;;3235.416;2025-09-30T20:00:00+02:00
1159;Measured Onshore wind generation;;;4015.845;2025-09-30T21:00:00+02:00
1159;Measured Onshore wind generation;;;4610.186;2025-09-30T22:00:00+02:00
1159;Measured Onshore wind generation;;;4986.58;2025-09-30T23:00:00+02:00