timesteps,nodes,techs,sink_use_equals
2019-01-01 00:00:00,NLD,demand_power,11194.0
2019-01-01 01:00:00,NLD,demand_power,10933.0
2019-01-01 02:00:00,NLD,demand_power,10667.0
2019-01-01 03:00:00,NLD,demand_power,10413.0
2019-01-01 04:00:00,NLD,demand_power,10441.0
2019-01-01 05:00:00,NLD,demand_power,10670.0
2019-01-01 06:00:00,NLD,demand_power,10899.0
2019-01-01 07:00:00,NLD,demand_power,11161.0
2019-01-01 08:00:00,NLD,demand_power,11463.0
2019-01-01 09:00:00,NLD,demand_power,11837.0
2019-01-01 10:00:00,NLD,demand_power,12258.0
2019-01-01 11:00:00,NLD,demand_power,12493.0
2019-01-01 12:00:00,NLD,demand_power,12610.0
2019-01-01 13:00:00,NLD,demand_power,12587.0
2019-01-01 14:00:00,NLD,demand_power,12709.0
2019-01-01 15:00:00,NLD,demand_power,13077.0
2019-01-01 16:00:00,NLD,demand_power,14079.0
2019-01-01 17:00:00,NLD,demand_power,13950.0
2019-01-01 18:00:00,NLD,demand_power,13678.0
2019-01-01 19:00:00,NLD,demand_power,13311.0
2019-01-01 20:00:00,NLD,demand_power,12762.0
2019-01-01 21:00:00,NLD,demand_power,12222.0
2019-01-01 22:00:00,NLD,demand_power,11522.0
2019-01-01 23:00:00,NLD,demand_power,11056.0
2019-01-02 00:00:00,NLD,demand_power,10727.0
2019-01-02 01:00:00,NLD,demand_power,10573.0
2019-01-02 02:00:00,NLD,demand_power,10512.0
2019-01-02 03:00:00,NLD,demand_power,10607.0
2019-01-02 04:00:00,NLD,demand_power,11109.0
2019-01-02 05:00:00,NLD,demand_power,12300.0
2019-01-02 06:00:00,NLD,demand_power,13753.0
2019-01-02 07:00:00,NLD,demand_power,15030.0
2019-01-02 08:00:00,NLD,demand_power,15713.0
2019-01-02 09:00:00,NLD,demand_power,15788.0
2019-01-02 10:00:00,NLD,demand_power,15929.0
2019-01-02 11:00:00,NLD,demand_power,15857.0
2019-01-02 12:00:00,NLD,demand_power,15854.0
2019-01-02 13:00:00,NLD,demand_power,15811.0
2019-01-02 14:00:00,NLD,demand_power,15885.0
2019-01-02 15:00:00,NLD,demand_power,16286.0
2019-01-02 16:00:00,NLD,demand_power,17158.0
2019-01-02 17:00:00,NLD,demand_power,16290.0
2019-01-02 18:00:00,NLD,demand_power,15698.0
2019-01-02 19:00:00,NLD,demand_power,14985.0
2019-01-02 20:00:00,NLD,demand_power,14206.0
2019-01-02 21:00:00,NLD,demand_power,13329.0
2019-01-02 22:00:00,NLD,demand_power,12557.0
2019-01-02 23:00:00,NLD,demand_power,11983.0
2019-01-03 00:00:00,NLD,demand_power,11574.0
2019-01-03 01:00:00,NLD,demand_power,11284.0
2019-01-03 02:00:00,NLD,demand_power,11176.0
2019-01-03 03:00:00,NLD,demand_power,11245.0
2019-01-03 04:00:00,NLD,demand_power,11689.0
2019-01-03 05:00:00,NLD,demand_power,12828.0
2019-01-03 06:00:00,NLD,demand_power,14331.0
2019-01-03 07:00:00,NLD,demand_power,15617.0
2019-01-03 08:00:00,NLD,demand_power,16120.0
2019-01-03 09:00:00,NLD,demand_power,16224.0
2019-01-03 10:00:00,NLD,demand_power,16145.0
2019-01-03 11:00:00,NLD,demand_power,15843.0
2019-01-03 12:00:00,NLD,demand_power,15787.0
2019-01-03 13:00:00,NLD,demand_power,15847.0
2019-01-03 14:00:00,NLD,demand_power,15958.0
2019-01-03 15:00:00,NLD,demand_power,16306.0
2019-01-03 16:00:00,NLD,demand_power,17139.0
2019-01-03 17:00:00,NLD,demand_power,16371.0
2019-01-03 18:00:00,NLD,demand_power,15837.0
2019-01-03 19:00:00,NLD,demand_power,15202.0
2019-01-03 20:00:00,NLD,demand_power,14344.0
2019-01-03 21:00:00,NLD,demand_power,13465.0
2019-01-03 22:00:00,NLD,demand_power,12690.0
2019-01-03 23:00:00,NLD,demand_power,12089.0
2019-01-04 00:00:00,NLD,demand_power,11658.0
2019-01-04 01:00:00,NLD,demand_power,11374.0
2019-01-04 02:00:00,NLD,demand_power,11291.0
2019-01-04 03:00:00,NLD,demand_power,11372.0
2019-01-04 04:00:00,NLD,demand_power,11828.0
2019-01-04 05:00:00,NLD,demand_power,12909.0
2019-01-04 06:00:00,NLD,demand_power,14353.0
2019-01-04 07:00:00,NLD,demand_power,15617.0
2019-01-04 08:00:00,NLD,demand_power,16309.0
2019-01-04 09:00:00,NLD,demand_power,16619.0
2019-01-04 10:00:00,NLD,demand_power,16736.0
2019-01-04 11:00:00,NLD,demand_power,16713.0
2019-01-04 12:00:00,NLD,demand_power,16686.0
2019-01-04 13:00:00,NLD,demand_power,16516.0
2019-01-04 14:00:00,NLD,demand_power,16472.0
2019-01-04 15:00:00,NLD,demand_power,16732.0
2019-01-04 16:00:00,NLD,demand_power,17150.0
2019-01-04 17:00:00,NLD,demand_power,16332.0
2019-01-04 18:00:00,NLD,demand_power,15701.0
2019-01-04 19:00:00,NLD,demand_power,14975.0
2019-01-04 20:00:00,NLD,demand_power,14116.0
2019-01-04 21:00:00,NLD,demand_power,13310.0
2019-01-04 22:00:00,NLD,demand_power,12701.0
2019-01-04 23:00:00,NLD,demand_power,12123.0
2019-01-05 00:00:00,NLD,demand_power,11630.0
2019-01-05 01:00:00,NLD,demand_power,11367.0
2019-01-05 02:00:00,NLD,demand_power,11129.0
2019-01-05 03:00:00,NLD,demand_power,11076.0
2019-01-05 04:00:00,NLD,demand_power,11198.0
2019-01-05 05:00:00,NLD,demand_power,11607.0
2019-01-05 06:00:00,NLD,demand_power,12345.0
2019-01-05 07:00:00,NLD,demand_power,13267.0
2019-01-05 08:00:00,NLD,demand_power,14106.0
2019-01-05 09:00:00,NLD,demand_power,14710.0
2019-01-05 10:00:00,NLD,demand_power,14881.0
2019-01-05 11:00:00,NLD,demand_power,14872.0
2019-01-05 12:00:00,NLD,demand_power,14764.0
2019-01-05 13:00:00,NLD,demand_power,14668.0
2019-01-05 14:00:00,NLD,demand_power,14574.0
2019-01-05 15:00:00,NLD,demand_power,14800.0
2019-01-05 16:00:00,NLD,demand_power,15471.0
2019-01-05 17:00:00,NLD,demand_power,14988.0
2019-01-05 18:00:00,NLD,demand_power,14533.0
2019-01-05 19:00:00,NLD,demand_power,13959.0
2019-01-05 20:00:00,NLD,demand_power,13285.0
2019-01-05 21:00:00,NLD,demand_power,12624.0
2019-01-05 22:00:00,NLD,demand_power,12011.0
2019-01-05 23:00:00,NLD,demand_power,11610.0
2019-01-06 00:00:00,NLD,demand_power,11237.0
2019-01-06 01:00:00,NLD,demand_power,10889.0
2019-01-06 02:00:00,NLD,demand_power,10732.0
2019-01-06 03:00:00,NLD,demand_power,10690.0
2019-01-06 04:00:00,NLD,demand_power,10798.0
2019-01-06 05:00:00,NLD,demand_power,11103.0
2019-01-06 06:00:00,NLD,demand_power,11582.0
2019-01-06 07:00:00,NLD,demand_power,12196.0
2019-01-06 08:00:00,NLD,demand_power,12866.0
2019-01-06 09:00:00,NLD,demand_power,13366.0
2019-01-06 10:00:00,NLD,demand_power,13667.0
2019-01-06 11:00:00,NLD,demand_power,13897.0
2019-01-06 12:00:00,NLD,demand_power,13889.0
2019-01-06 13:00:00,NLD,demand_power,13898.0
2019-01-06 14:00:00,NLD,demand_power,13957.0
2019-01-06 15:00:00,NLD,demand_power,14327.0
2019-01-06 16:00:00,NLD,demand_power,15253.0
2019-01-06 17:00:00,NLD,demand_power,14939.0
2019-01-06 18:00:00,NLD,demand_power,14562.0
2019-01-06 19:00:00,NLD,demand_power,14042.0
2019-01-06 20:00:00,NLD,demand_power,13368.0
2019-01-06 21:00:00,NLD,demand_power,12699.0
2019-01-06 22:00:00,NLD,demand_power,11906.0
2019-01-06 23:00:00,NLD,demand_power,11492.0
2019-01-07 00:00:00,NLD,demand_power,11219.0
2019-01-07 01:00:00,NLD,demand_power,11062.0
2019-01-07 02:00:00,NLD,demand_power,11034.0
2019-01-07 03:00:00,NLD,demand_power,11165.0
2019-01-07 04:00:00,NLD,demand_power,11720.0
2019-01-07 05:00:00,NLD,demand_power,13137.0
2019-01-07 06:00:00,NLD,demand_power,15066.0
2019-01-07 07:00:00,NLD,demand_power,16392.0
2019-01-07 08:00:00,NLD,demand_power,16714.0
2019-01-07 09:00:00,NLD,demand_power,16818.0
2019-01-07 10:00:00,NLD,demand_power,16892.0
2019-01-07 11:00:00,NLD,demand_power,16730.0
2019-01-07 12:00:00,NLD,demand_power,16803.0
2019-01-07 13:00:00,NLD,demand_power,16765.0
2019-01-07 14:00:00,NLD,demand_power,16833.0
2019-01-07 15:00:00,NLD,demand_power,17127.0
2019-01-07 16:00:00,NLD,demand_power,17640.0
2019-01-07 17:00:00,NLD,demand_power,16716.0
2019-01-07 18:00:00,NLD,demand_power,16123.0
2019-01-07 19:00:00,NLD,demand_power,15325.0
2019-01-07 20:00:00,NLD,demand_power,14473.0
2019-01-07 21:00:00,NLD,demand_power,13462.0
2019-01-07 22:00:00,NLD,demand_power,12619.0
2019-01-07 23:00:00,NLD,demand_power,12004.0
2019-01-08 00:00:00,NLD,demand_power,11609.0
2019-01-08 01:00:00,NLD,demand_power,11335.0
2019-01-08 02:00:00,NLD,demand_power,11225.0
2019-01-08 03:00:00,NLD,demand_power,11336.0
2019-01-08 04:00:00,NLD,demand_power,11867.0
2019-01-08 05:00:00,NLD,demand_power,13247.0
2019-01-08 06:00:00,NLD,demand_power,15294.0
2019-01-08 07:00:00,NLD,demand_power,16501.0
2019-01-08 08:00:00,NLD,demand_power,16764.0
2019-01-08 09:00:00,NLD,demand_power,16840.0
2019-01-08 10:00:00,NLD,demand_power,16688.0
2019-01-08 11:00:00,NLD,demand_power,16401.0
2019-01-08 12:00:00,NLD,demand_power,16447.0
2019-01-08 13:00:00,NLD,demand_power,16445.0
2019-01-08 14:00:00,NLD,demand_power,16559.0
2019-01-08 15:00:00,NLD,demand_power,16860.0
2019-01-08 16:00:00,NLD,demand_power,17590.0
2019-01-08 17:00:00,NLD,demand_power,16839.0
2019-01-08 18:00:00,NLD,demand_power,16291.0
2019-01-08 19:00:00,NLD,demand_power,15535.0
2019-01-08 20:00:00,NLD,demand_power,14631.0
2019-01-08 21:00:00,NLD,demand_power,13663.0
2019-01-08 22:00:00,NLD,demand_power,12828.0
2019-01-08 23:00:00,NLD,demand_power,12167.0
2019-01-09 00:00:00,NLD,demand_power,11750.0
2019-01-09 01:00:00,NLD,demand_power,11513.0
2019-01-09 02:00:00,NLD,demand_power,11422.0
2019-01-09 03:00:00,NLD,demand_power,11562.0
2019-01-09 04:00:00,NLD,demand_power,12030.0
2019-01-09 05:00:00,NLD,demand_power,13430.0
2019-01-09 06:00:00,NLD,demand_power,15515.0
2019-01-09 07:00:00,NLD,demand_power,16796.0
2019-01-09 08:00:00,NLD,demand_power,16944.0
2019-01-09 09:00:00,NLD,demand_power,16617.0
2019-01-09 10:00:00,NLD,demand_power,16287.0
2019-01-09 11:00:00,NLD,demand_power,15901.0
2019-01-09 12:00:00,NLD,demand_power,15965.0
2019-01-09 13:00:00,NLD,demand_power,16076.0
2019-01-09 14:00:00,NLD,demand_power,16387.0
2019-01-09 15:00:00,NLD,demand_power,16843.0
2019-01-09 16:00:00,NLD,demand_power,17819.0
2019-01-09 17:00:00,NLD,demand_power,17033.0
2019-01-09 18:00:00,NLD,demand_power,16426.0
2019-01-09 19:00:00,NLD,demand_power,15661.0
2019-01-09 20:00:00,NLD,demand_power,14766.0
2019-01-09 21:00:00,NLD,demand_power,13776.0
2019-01-09 22:00:00,NLD,demand_power,12915.0
2019-01-09 23:00:00,NLD,demand_power,12302.0
2019-01-10 00:00:00,NLD,demand_power,11854.0
2019-01-10 01:00:00,NLD,demand_power,11563.0
2019-01-10 02:00:00,NLD,demand_power,11475.0
2019-01-10 03:00:00,NLD,demand_power,11571.0
2019-01-10 04:00:00,NLD,demand_power,12080.0
2019-01-10 05:00:00,NLD,demand_power,13422.0
2019-01-10 06:00:00,NLD,demand_power,15496.0
2019-01-10 07:00:00,NLD,demand_power,16809.0
2019-01-10 08:00:00,NLD,demand_power,17183.0
2019-01-10 09:00:00,NLD,demand_power,17222.0
2019-01-10 10:00:00,NLD,demand_power,17096.0
2019-01-10 11:00:00,NLD,demand_power,16886.0
2019-01-10 12:00:00,NLD,demand_power,16886.0
2019-01-10 13:00:00,NLD,demand_power,16852.0
2019-01-10 14:00:00,NLD,demand_power,16849.0
2019-01-10 15:00:00,NLD,demand_power,17080.0
2019-01-10 16:00:00,NLD,demand_power,17724.0
2019-01-10 17:00:00,NLD,demand_power,17001.0
2019-01-10 18:00:00,NLD,demand_power,16467.0
2019-01-10 19:00:00,NLD,demand_power,15713.0
2019-01-10 20:00:00,NLD,demand_power,14793.0
2019-01-10 21:00:00,NLD,demand_power,13776.0
2019-01-10 22:00:00,NLD,demand_power,12949.0
2019-01-10 23:00:00,NLD,demand_power,12256.0
2019-01-11 00:00:00,NLD,demand_power,11813.0
2019-01-11 01:00:00,NLD,demand_power,11587.0
2019-01-11 02:00:00,NLD,demand_power,11528.0
2019-01-11 03:00:00,NLD,demand_power,11577.0
2019-01-11 04:00:00,NLD,demand_power,12107.0
2019-01-11 05:00:00,NLD,demand_power,13366.0
2019-01-11 06:00:00,NLD,demand_power,15354.0
2019-01-11 07:00:00,NLD,demand_power,16699.0
2019-01-11 08:00:00,NLD,demand_power,17021.0
2019-01-11 09:00:00,NLD,demand_power,16944.0
2019-01-11 10:00:00,NLD,demand_power,17034.0
2019-01-11 11:00:00,NLD,demand_power,16791.0
2019-01-11 12:00:00,NLD,demand_power,16779.0
2019-01-11 13:00:00,NLD,demand_power,16650.0
2019-01-11 14:00:00,NLD,demand_power,16668.0
2019-01-11 15:00:00,NLD,demand_power,16749.0
2019-01-11 16:00:00,NLD,demand_power,17372.0
2019-01-11 17:00:00,NLD,demand_power,16626.0
2019-01-11 18:00:00,NLD,demand_power,15938.0
2019-01-11 19:00:00,NLD,demand_power,15138.0
2019-01-11 20:00:00,NLD,demand_power,14141.0
2019-01-11 21:00:00,NLD,demand_power,13293.0
2019-01-11 22:00:00,NLD,demand_power,12651.0
2019-01-11 23:00:00,NLD,demand_power,12127.0
2019-01-12 00:00:00,NLD,demand_power,11692.0
2019-01-12 01:00:00,NLD,demand_power,11381.0
2019-01-12 02:00:00,NLD,demand_power,11114.0
2019-01-12 03:00:00,NLD,demand_power,11082.0
2019-01-12 04:00:00,NLD,demand_power,11207.0
2019-01-12 05:00:00,NLD,demand_power,11752.0
2019-01-12 06:00:00,NLD,demand_power,12506.0
2019-01-12 07:00:00,NLD,demand_power,13515.0
2019-01-12 08:00:00,NLD,demand_power,14413.0
2019-01-12 09:00:00,NLD,demand_power,15043.0
2019-01-12 10:00:00,NLD,demand_power,15218.0
2019-01-12 11:00:00,NLD,demand_power,15261.0
2019-01-12 12:00:00,NLD,demand_power,15057.0
2019-01-12 13:00:00,NLD,demand_power,14859.0
2019-01-12 14:00:00,NLD,demand_power,14701.0
2019-01-12 15:00:00,NLD,demand_power,14912.0
2019-01-12 16:00:00,NLD,demand_power,15557.0
2019-01-12 17:00:00,NLD,demand_power,15139.0
2019-01-12 18:00:00,NLD,demand_power,14544.0
2019-01-12 19:00:00,NLD,demand_power,13957.0
2019-01-12 20:00:00,NLD,demand_power,13229.0
2019-01-12 21:00:00,NLD,demand_power,12634.0
2019-01-12 22:00:00,NLD,demand_power,11993.0
2019-01-12 23:00:00,NLD,demand_power,11617.0
2019-01-13 00:00:00,NLD,demand_power,11233.0
2019-01-13 01:00:00,NLD,demand_power,10889.0
2019-01-13 02:00:00,NLD,demand_power,10702.0
2019-01-13 03:00:00,NLD,demand_power,10682.0
2019-01-13 04:00:00,NLD,demand_power,10794.0
2019-01-13 05:00:00,NLD,demand_power,11083.0
2019-01-13 06:00:00,NLD,demand_power,11560.0
2019-01-13 07:00:00,NLD,demand_power,12351.0
2019-01-13 08:00:00,NLD,demand_power,12919.0
2019-01-13 09:00:00,NLD,demand_power,13499.0
2019-01-13 10:00:00,NLD,demand_power,13966.0
2019-01-13 11:00:00,NLD,demand_power,14279.0
2019-01-13 12:00:00,NLD,demand_power,14237.0
2019-01-13 13:00:00,NLD,demand_power,14118.0
2019-01-13 14:00:00,NLD,demand_power,13960.0
2019-01-13 15:00:00,NLD,demand_power,14182.0
2019-01-13 16:00:00,NLD,demand_power,15110.0
2019-01-13 17:00:00,NLD,demand_power,14918.0
2019-01-13 18:00:00,NLD,demand_power,14508.0
2019-01-13 19:00:00,NLD,demand_power,13993.0
2019-01-13 20:00:00,NLD,demand_power,13310.0
2019-01-13 21:00:00,NLD,demand_power,12650.0
2019-01-13 22:00:00,NLD,demand_power,11901.0
2019-01-13 23:00:00,NLD,demand_power,11493.0
2019-01-14 00:00:00,NLD,demand_power,11197.0
2019-01-14 01:00:00,NLD,demand_power,11053.0
2019-01-14 02:00:00,NLD,demand_power,10974.0
2019-01-14 03:00:00,NLD,demand_power,11100.0
2019-01-14 04:00:00,NLD,demand_power,11687.0
2019-01-14 05:00:00,NLD,demand_power,13214.0
2019-01-14 06:00:00,NLD,demand_power,15262.0
2019-01-14 07:00:00,NLD,demand_power,16589.0
2019-01-14 08:00:00,NLD,demand_power,16738.0
2019-01-14 09:00:00,NLD,demand_power,16519.0
2019-01-14 10:00:00,NLD,demand_power,16193.0
2019-01-14 11:00:00,NLD,demand_power,15894.0
2019-01-14 12:00:00,NLD,demand_power,15926.0
2019-01-14 13:00:00,NLD,demand_power,16038.0
2019-01-14 14:00:00,NLD,demand_power,16279.0
2019-01-14 15:00:00,NLD,demand_power,16731.0
2019-01-14 16:00:00,NLD,demand_power,17580.0
2019-01-14 17:00:00,NLD,demand_power,17014.0
2019-01-14 18:00:00,NLD,demand_power,16457.0
2019-01-14 19:00:00,NLD,demand_power,15647.0
2019-01-14 20:00:00,NLD,demand_power,14746.0
2019-01-14 21:00:00,NLD,demand_power,13775.0
2019-01-14 22:00:00,NLD,demand_power,12857.0
2019-01-14 23:00:00,NLD,demand_power,12284.0
2019-01-15 00:00:00,NLD,demand_power,11775.0
2019-01-15 01:00:00,NLD,demand_power,11621.0
2019-01-15 02:00:00,NLD,demand_power,11561.0
2019-01-15 03:00:00,NLD,demand_power,11638.0
2019-01-15 04:00:00,NLD,demand_power,12119.0
2019-01-15 05:00:00,NLD,demand_power,13503.0
2019-01-15 06:00:00,NLD,demand_power,15489.0
2019-01-15 07:00:00,NLD,demand_power,16714.0
2019-01-15 08:00:00,NLD,demand_power,16860.0
2019-01-15 09:00:00,NLD,demand_power,16730.0
2019-01-15 10:00:00,NLD,demand_power,16616.0
2019-01-15 11:00:00,NLD,demand_power,16360.0
2019-01-15 12:00:00,NLD,demand_power,16476.0
2019-01-15 13:00:00,NLD,demand_power,16484.0
2019-01-15 14:00:00,NLD,demand_power,16522.0
2019-01-15 15:00:00,NLD,demand_power,16784.0
2019-01-15 16:00:00,NLD,demand_power,17491.0
2019-01-15 17:00:00,NLD,demand_power,16756.0
2019-01-15 18:00:00,NLD,demand_power,16123.0
2019-01-15 19:00:00,NLD,demand_power,15416.0
2019-01-15 20:00:00,NLD,demand_power,14459.0
2019-01-15 21:00:00,NLD,demand_power,13493.0
2019-01-15 22:00:00,NLD,demand_power,12602.0
2019-01-15 23:00:00,NLD,demand_power,12014.0
2019-01-16 00:00:00,NLD,demand_power,11558.0
2019-01-16 01:00:00,NLD,demand_power,11342.0
2019-01-16 02:00:00,NLD,demand_power,11227.0
2019-01-16 03:00:00,NLD,demand_power,11371.0
2019-01-16 04:00:00,NLD,demand_power,11828.0
2019-01-16 05:00:00,NLD,demand_power,13271.0
2019-01-16 06:00:00,NLD,demand_power,15274.0
2019-01-16 07:00:00,NLD,demand_power,16638.0
2019-01-16 08:00:00,NLD,demand_power,16979.0
2019-01-16 09:00:00,NLD,demand_power,16896.0
2019-01-16 10:00:00,NLD,demand_power,17002.0
2019-01-16 11:00:00,NLD,demand_power,16836.0
2019-01-16 12:00:00,NLD,demand_power,16894.0
2019-01-16 13:00:00,NLD,demand_power,16881.0
2019-01-16 14:00:00,NLD,demand_power,16797.0
2019-01-16 15:00:00,NLD,demand_power,16933.0
2019-01-16 16:00:00,NLD,demand_power,17542.0
2019-01-16 17:00:00,NLD,demand_power,16766.0
2019-01-16 18:00:00,NLD,demand_power,16143.0
2019-01-16 19:00:00,NLD,demand_power,15381.0
2019-01-16 20:00:00,NLD,demand_power,14561.0
2019-01-16 21:00:00,NLD,demand_power,13547.0
2019-01-16 22:00:00,NLD,demand_power,12670.0
2019-01-16 23:00:00,NLD,demand_power,12095.0
2019-01-17 00:00:00,NLD,demand_power,11717.0
2019-01-17 01:00:00,NLD,demand_power,11467.0
2019-01-17 02:00:00,NLD,demand_power,11398.0
2019-01-17 03:00:00,NLD,demand_power,11520.0
2019-01-17 04:00:00,NLD,demand_power,12017.0
2019-01-17 05:00:00,NLD,demand_power,13393.0
2019-01-17 06:00:00,NLD,demand_power,15411.0
2019-01-17 07:00:00,NLD,demand_power,16721.0
2019-01-17 08:00:00,NLD,demand_power,17077.0
2019-01-17 09:00:00,NLD,demand_power,17111.0
2019-01-17 10:00:00,NLD,demand_power,17105.0
2019-01-17 11:00:00,NLD,demand_power,16753.0
2019-01-17 12:00:00,NLD,demand_power,16627.0
2019-01-17 13:00:00,NLD,demand_power,16511.0
2019-01-17 14:00:00,NLD,demand_power,16778.0
2019-01-17 15:00:00,NLD,demand_power,17100.0
2019-01-17 16:00:00,NLD,demand_power,17788.0
2019-01-17 17:00:00,NLD,demand_power,17204.0
2019-01-17 18:00:00,NLD,demand_power,16675.0
2019-01-17 19:00:00,NLD,demand_power,15826.0
2019-01-17 20:00:00,NLD,demand_power,14914.0
2019-01-17 21:00:00,NLD,demand_power,13880.0
2019-01-17 22:00:00,NLD,demand_power,13006.0
2019-01-17 23:00:00,NLD,demand_power,12395.0
2019-01-18 00:00:00,NLD,demand_power,12035.0
2019-01-18 01:00:00,NLD,demand_power,11754.0
2019-01-18 02:00:00,NLD,demand_power,11681.0
2019-01-18 03:00:00,NLD,demand_power,11784.0
2019-01-18 04:00:00,NLD,demand_power,12269.0
2019-01-18 05:00:00,NLD,demand_power,13631.0
2019-01-18 06:00:00,NLD,demand_power,15662.0
2019-01-18 07:00:00,NLD,demand_power,16910.0
2019-01-18 08:00:00,NLD,demand_power,17103.0
2019-01-18 09:00:00,NLD,demand_power,16750.0
2019-01-18 10:00:00,NLD,demand_power,16270.0
2019-01-18 11:00:00,NLD,demand_power,15890.0
2019-01-18 12:00:00,NLD,demand_power,16073.0
2019-01-18 13:00:00,NLD,demand_power,16246.0
2019-01-18 14:00:00,NLD,demand_power,16415.0
2019-01-18 15:00:00,NLD,demand_power,16654.0
2019-01-18 16:00:00,NLD,demand_power,17425.0
2019-01-18 17:00:00,NLD,demand_power,16869.0
2019-01-18 18:00:00,NLD,demand_power,16280.0
2019-01-18 19:00:00,NLD,demand_power,15507.0
2019-01-18 20:00:00,NLD,demand_power,14600.0
2019-01-18 21:00:00,NLD,demand_power,13693.0
2019-01-18 22:00:00,NLD,demand_power,13024.0
2019-01-18 23:00:00,NLD,demand_power,12515.0
2019-01-19 00:00:00,NLD,demand_power,12007.0
2019-01-19 01:00:00,NLD,demand_power,11627.0
2019-01-19 02:00:00,NLD,demand_power,11481.0
2019-01-19 03:00:00,NLD,demand_power,11403.0
2019-01-19 04:00:00,NLD,demand_power,11588.0
2019-01-19 05:00:00,NLD,demand_power,12090.0
2019-01-19 06:00:00,NLD,demand_power,12964.0
2019-01-19 07:00:00,NLD,demand_power,14016.0
2019-01-19 08:00:00,NLD,demand_power,14684.0
2019-01-19 09:00:00,NLD,demand_power,14699.0
2019-01-19 10:00:00,NLD,demand_power,14377.0
2019-01-19 11:00:00,NLD,demand_power,13998.0
2019-01-19 12:00:00,NLD,demand_power,13743.0
2019-01-19 13:00:00,NLD,demand_power,13721.0
2019-01-19 14:00:00,NLD,demand_power,13943.0
2019-01-19 15:00:00,NLD,demand_power,14463.0
2019-01-19 16:00:00,NLD,demand_power,15615.0
2019-01-19 17:00:00,NLD,demand_power,15453.0
2019-01-19 18:00:00,NLD,demand_power,14989.0
2019-01-19 19:00:00,NLD,demand_power,14376.0
2019-01-19 20:00:00,NLD,demand_power,13666.0
2019-01-19 21:00:00,NLD,demand_power,13057.0
2019-01-19 22:00:00,NLD,demand_power,12452.0
2019-01-19 23:00:00,NLD,demand_power,12019.0
2019-01-20 00:00:00,NLD,demand_power,11594.0
2019-01-20 01:00:00,NLD,demand_power,11306.0
2019-01-20 02:00:00,NLD,demand_power,11154.0
2019-01-20 03:00:00,NLD,demand_power,11127.0
2019-01-20 04:00:00,NLD,demand_power,11250.0
2019-01-20 05:00:00,NLD,demand_power,11539.0
2019-01-20 06:00:00,NLD,demand_power,12057.0
2019-01-20 07:00:00,NLD,demand_power,12744.0
2019-01-20 08:00:00,NLD,demand_power,13211.0
2019-01-20 09:00:00,NLD,demand_power,13234.0
2019-01-20 10:00:00,NLD,demand_power,13064.0
2019-01-20 11:00:00,NLD,demand_power,12980.0
2019-01-20 12:00:00,NLD,demand_power,12869.0
2019-01-20 13:00:00,NLD,demand_power,12921.0
2019-01-20 14:00:00,NLD,demand_power,13203.0
2019-01-20 15:00:00,NLD,demand_power,13823.0
2019-01-20 16:00:00,NLD,demand_power,15145.0
2019-01-20 17:00:00,NLD,demand_power,15286.0
2019-01-20 18:00:00,NLD,demand_power,14938.0
2019-01-20 19:00:00,NLD,demand_power,14456.0
2019-01-20 20:00:00,NLD,demand_power,13822.0
2019-01-20 21:00:00,NLD,demand_power,13143.0
2019-01-20 22:00:00,NLD,demand_power,12351.0
2019-01-20 23:00:00,NLD,demand_power,11932.0
2019-01-21 00:00:00,NLD,demand_power,11680.0
2019-01-21 01:00:00,NLD,demand_power,11528.0
2019-01-21 02:00:00,NLD,demand_power,11557.0
2019-01-21 03:00:00,NLD,demand_power,11717.0
2019-01-21 04:00:00,NLD,demand_power,12320.0
2019-01-21 05:00:00,NLD,demand_power,13854.0
2019-01-21 06:00:00,NLD,demand_power,15928.0
2019-01-21 07:00:00,NLD,demand_power,17198.0
2019-01-21 08:00:00,NLD,demand_power,17262.0
2019-01-21 09:00:00,NLD,demand_power,16780.0
2019-01-21 10:00:00,NLD,demand_power,16342.0
2019-01-21 11:00:00,NLD,demand_power,15897.0
2019-01-21 12:00:00,NLD,demand_power,15921.0
2019-01-21 13:00:00,NLD,demand_power,16086.0
2019-01-21 14:00:00,NLD,demand_power,16520.0
2019-01-21 15:00:00,NLD,demand_power,16897.0
2019-01-21 16:00:00,NLD,demand_power,17706.0
2019-01-21 17:00:00,NLD,demand_power,17232.0
2019-01-21 18:00:00,NLD,demand_power,16667.0
2019-01-21 19:00:00,NLD,demand_power,15931.0
2019-01-21 20:00:00,NLD,demand_power,15039.0
2019-01-21 21:00:00,NLD,demand_power,13989.0
2019-01-21 22:00:00,NLD,demand_power,13072.0
2019-01-21 23:00:00,NLD,demand_power,12439.0
2019-01-22 00:00:00,NLD,demand_power,12071.0
2019-01-22 01:00:00,NLD,demand_power,11856.0
2019-01-22 02:00:00,NLD,demand_power,11831.0
2019-01-22 03:00:00,NLD,demand_power,11942.0
2019-01-22 04:00:00,NLD,demand_power,12417.0
2019-01-22 05:00:00,NLD,demand_power,13871.0
2019-01-22 06:00:00,NLD,demand_power,15932.0
2019-01-22 07:00:00,NLD,demand_power,17165.0
2019-01-22 08:00:00,NLD,demand_power,17428.0
2019-01-22 09:00:00,NLD,demand_power,17403.0
2019-01-22 10:00:00,NLD,demand_power,17481.0
2019-01-22 11:00:00,NLD,demand_power,17486.0
2019-01-22 12:00:00,NLD,demand_power,17625.0
2019-01-22 13:00:00,NLD,demand_power,17617.0
2019-01-22 14:00:00,NLD,demand_power,17509.0
2019-01-22 15:00:00,NLD,demand_power,17479.0
2019-01-22 16:00:00,NLD,demand_power,18020.0
2019-01-22 17:00:00,NLD,demand_power,17433.0
2019-01-22 18:00:00,NLD,demand_power,16873.0
2019-01-22 19:00:00,NLD,demand_power,16095.0
2019-01-22 20:00:00,NLD,demand_power,15144.0
2019-01-22 21:00:00,NLD,demand_power,14126.0
2019-01-22 22:00:00,NLD,demand_power,13233.0
2019-01-22 23:00:00,NLD,demand_power,12609.0
2019-01-23 00:00:00,NLD,demand_power,12218.0
2019-01-23 01:00:00,NLD,demand_power,11945.0
2019-01-23 02:00:00,NLD,demand_power,11846.0
2019-01-23 03:00:00,NLD,demand_power,11973.0
2019-01-23 04:00:00,NLD,demand_power,12472.0
2019-01-23 05:00:00,NLD,demand_power,13828.0
2019-01-23 06:00:00,NLD,demand_power,15920.0
2019-01-23 07:00:00,NLD,demand_power,17146.0
2019-01-23 08:00:00,NLD,demand_power,17536.0
2019-01-23 09:00:00,NLD,demand_power,17440.0
2019-01-23 10:00:00,NLD,demand_power,17248.0
2019-01-23 11:00:00,NLD,demand_power,16884.0
2019-01-23 12:00:00,NLD,demand_power,17132.0
2019-01-23 13:00:00,NLD,demand_power,17220.0
2019-01-23 14:00:00,NLD,demand_power,17260.0
2019-01-23 15:00:00,NLD,demand_power,17402.0
2019-01-23 16:00:00,NLD,demand_power,17986.0
2019-01-23 17:00:00,NLD,demand_power,17348.0
2019-01-23 18:00:00,NLD,demand_power,16718.0
2019-01-23 19:00:00,NLD,demand_power,15938.0
2019-01-23 20:00:00,NLD,demand_power,15115.0
2019-01-23 21:00:00,NLD,demand_power,14130.0
2019-01-23 22:00:00,NLD,demand_power,13269.0
2019-01-23 23:00:00,NLD,demand_power,12632.0
2019-01-24 00:00:00,NLD,demand_power,12273.0
2019-01-24 01:00:00,NLD,demand_power,12017.0
2019-01-24 02:00:00,NLD,demand_power,11929.0
2019-01-24 03:00:00,NLD,demand_power,12039.0
2019-01-24 04:00:00,NLD,demand_power,12578.0
2019-01-24 05:00:00,NLD,demand_power,13964.0
2019-01-24 06:00:00,NLD,demand_power,16015.0
2019-01-24 07:00:00,NLD,demand_power,17217.0
2019-01-24 08:00:00,NLD,demand_power,17604.0
2019-01-24 09:00:00,NLD,demand_power,17575.0
2019-01-24 10:00:00,NLD,demand_power,17412.0
2019-01-24 11:00:00,NLD,demand_power,17033.0
2019-01-24 12:00:00,NLD,demand_power,17070.0
2019-01-24 13:00:00,NLD,demand_power,17223.0
2019-01-24 14:00:00,NLD,demand_power,17275.0
2019-01-24 15:00:00,NLD,demand_power,17393.0
2019-01-24 16:00:00,NLD,demand_power,17947.0
2019-01-24 17:00:00,NLD,demand_power,17454.0
2019-01-24 18:00:00,NLD,demand_power,16895.0
2019-01-24 19:00:00,NLD,demand_power,16136.0
2019-01-24 20:00:00,NLD,demand_power,15169.0
2019-01-24 21:00:00,NLD,demand_power,14225.0
2019-01-24 22:00:00,NLD,demand_power,13351.0
2019-01-24 23:00:00,NLD,demand_power,12753.0
2019-01-25 00:00:00,NLD,demand_power,12309.0
2019-01-25 01:00:00,NLD,demand_power,12096.0
2019-01-25 02:00:00,NLD,demand_power,11964.0
2019-01-25 03:00:00,NLD,demand_power,12061.0
2019-01-25 04:00:00,NLD,demand_power,12560.0
2019-01-25 05:00:00,NLD,demand_power,13915.0
2019-01-25 06:00:00,NLD,demand_power,15902.0
2019-01-25 07:00:00,NLD,demand_power,17188.0
2019-01-25 08:00:00,NLD,demand_power,17639.0
2019-01-25 09:00:00,NLD,demand_power,17699.0
2019-01-25 10:00:00,NLD,demand_power,17650.0
2019-01-25 11:00:00,NLD,demand_power,17493.0
2019-01-25 12:00:00,NLD,demand_power,17439.0
2019-01-25 13:00:00,NLD,demand_power,17347.0
2019-01-25 14:00:00,NLD,demand_power,17207.0
2019-01-25 15:00:00,NLD,demand_power,17296.0
2019-01-25 16:00:00,NLD,demand_power,17755.0
2019-01-25 17:00:00,NLD,demand_power,17059.0
2019-01-25 18:00:00,NLD,demand_power,16311.0
2019-01-25 19:00:00,NLD,demand_power,15471.0
2019-01-25 20:00:00,NLD,demand_power,14450.0
2019-01-25 21:00:00,NLD,demand_power,13602.0
2019-01-25 22:00:00,NLD,demand_power,12851.0
2019-01-25 23:00:00,NLD,demand_power,12290.0
2019-01-26 00:00:00,NLD,demand_power,11766.0
2019-01-26 01:00:00,NLD,demand_power,11428.0
2019-01-26 02:00:00,NLD,demand_power,11224.0
2019-01-26 03:00:00,NLD,demand_power,11188.0
2019-01-26 04:00:00,NLD,demand_power,11360.0
2019-01-26 05:00:00,NLD,demand_power,11911.0
2019-01-26 06:00:00,NLD,demand_power,12646.0
2019-01-26 07:00:00,NLD,demand_power,13725.0
2019-01-26 08:00:00,NLD,demand_power,14604.0
2019-01-26 09:00:00,NLD,demand_power,15114.0
2019-01-26 10:00:00,NLD,demand_power,15215.0
2019-01-26 11:00:00,NLD,demand_power,15086.0
2019-01-26 12:00:00,NLD,demand_power,14842.0
2019-01-26 13:00:00,NLD,demand_power,14663.0
2019-01-26 14:00:00,NLD,demand_power,14503.0
2019-01-26 15:00:00,NLD,demand_power,14642.0
2019-01-26 16:00:00,NLD,demand_power,15259.0
2019-01-26 17:00:00,NLD,demand_power,15013.0
2019-01-26 18:00:00,NLD,demand_power,14529.0
2019-01-26 19:00:00,NLD,demand_power,13900.0
2019-01-26 20:00:00,NLD,demand_power,13177.0
2019-01-26 21:00:00,NLD,demand_power,12676.0
2019-01-26 22:00:00,NLD,demand_power,12018.0
2019-01-26 23:00:00,NLD,demand_power,11582.0
2019-01-27 00:00:00,NLD,demand_power,11184.0
2019-01-27 01:00:00,NLD,demand_power,10887.0
2019-01-27 02:00:00,NLD,demand_power,10691.0
2019-01-27 03:00:00,NLD,demand_power,10677.0
2019-01-27 04:00:00,NLD,demand_power,10814.0
2019-01-27 05:00:00,NLD,demand_power,11150.0
2019-01-27 06:00:00,NLD,demand_power,11593.0
2019-01-27 07:00:00,NLD,demand_power,12367.0
2019-01-27 08:00:00,NLD,demand_power,13059.0
2019-01-27 09:00:00,NLD,demand_power,13586.0
2019-01-27 10:00:00,NLD,demand_power,14018.0
2019-01-27 11:00:00,NLD,demand_power,14275.0
2019-01-27 12:00:00,NLD,demand_power,14151.0
2019-01-27 13:00:00,NLD,demand_power,13948.0
2019-01-27 14:00:00,NLD,demand_power,13814.0
2019-01-27 15:00:00,NLD,demand_power,14038.0
2019-01-27 16:00:00,NLD,demand_power,14983.0
2019-01-27 17:00:00,NLD,demand_power,15079.0
2019-01-27 18:00:00,NLD,demand_power,14628.0
2019-01-27 19:00:00,NLD,demand_power,14163.0
2019-01-27 20:00:00,NLD,demand_power,13384.0
2019-01-27 21:00:00,NLD,demand_power,12813.0
2019-01-27 22:00:00,NLD,demand_power,12041.0
2019-01-27 23:00:00,NLD,demand_power,11625.0
2019-01-28 00:00:00,NLD,demand_power,11351.0
2019-01-28 01:00:00,NLD,demand_power,11200.0
2019-01-28 02:00:00,NLD,demand_power,11146.0
2019-01-28 03:00:00,NLD,demand_power,11310.0
2019-01-28 04:00:00,NLD,demand_power,11779.0
2019-01-28 05:00:00,NLD,demand_power,13247.0
2019-01-28 06:00:00,NLD,demand_power,15362.0
2019-01-28 07:00:00,NLD,demand_power,16713.0
2019-01-28 08:00:00,NLD,demand_power,16966.0
2019-01-28 09:00:00,NLD,demand_power,16988.0
2019-01-28 10:00:00,NLD,demand_power,16774.0
2019-01-28 11:00:00,NLD,demand_power,16406.0
2019-01-28 12:00:00,NLD,demand_power,16384.0
2019-01-28 13:00:00,NLD,demand_power,16296.0
2019-01-28 14:00:00,NLD,demand_power,16388.0
2019-01-28 15:00:00,NLD,demand_power,16737.0
2019-01-28 16:00:00,NLD,demand_power,17428.0
2019-01-28 17:00:00,NLD,demand_power,17152.0
2019-01-28 18:00:00,NLD,demand_power,16587.0
2019-01-28 19:00:00,NLD,demand_power,15795.0
2019-01-28 20:00:00,NLD,demand_power,14855.0
2019-01-28 21:00:00,NLD,demand_power,13916.0
2019-01-28 22:00:00,NLD,demand_power,12943.0
2019-01-28 23:00:00,NLD,demand_power,12416.0
2019-01-29 00:00:00,NLD,demand_power,12065.0
2019-01-29 01:00:00,NLD,demand_power,11831.0
2019-01-29 02:00:00,NLD,demand_power,11733.0
2019-01-29 03:00:00,NLD,demand_power,11812.0
2019-01-29 04:00:00,NLD,demand_power,12317.0
2019-01-29 05:00:00,NLD,demand_power,13729.0
2019-01-29 06:00:00,NLD,demand_power,15832.0
2019-01-29 07:00:00,NLD,demand_power,16945.0
2019-01-29 08:00:00,NLD,demand_power,16994.0
2019-01-29 09:00:00,NLD,demand_power,16604.0
2019-01-29 10:00:00,NLD,demand_power,16173.0
2019-01-29 11:00:00,NLD,demand_power,15596.0
2019-01-29 12:00:00,NLD,demand_power,15639.0
2019-01-29 13:00:00,NLD,demand_power,15823.0
2019-01-29 14:00:00,NLD,demand_power,16291.0
2019-01-29 15:00:00,NLD,demand_power,16726.0
2019-01-29 16:00:00,NLD,demand_power,17465.0
2019-01-29 17:00:00,NLD,demand_power,17152.0
2019-01-29 18:00:00,NLD,demand_power,16635.0
2019-01-29 19:00:00,NLD,demand_power,15899.0
2019-01-29 20:00:00,NLD,demand_power,14987.0
2019-01-29 21:00:00,NLD,demand_power,13974.0
2019-01-29 22:00:00,NLD,demand_power,13132.0
2019-01-29 23:00:00,NLD,demand_power,12545.0
2019-01-30 00:00:00,NLD,demand_power,12170.0
2019-01-30 01:00:00,NLD,demand_power,11920.0
2019-01-30 02:00:00,NLD,demand_power,11864.0
2019-01-30 03:00:00,NLD,demand_power,11967.0
2019-01-30 04:00:00,NLD,demand_power,12499.0
2019-01-30 05:00:00,NLD,demand_power,13876.0
2019-01-30 06:00:00,NLD,demand_power,15953.0
2019-01-30 07:00:00,NLD,demand_power,17198.0
2019-01-30 08:00:00,NLD,demand_power,17586.0
2019-01-30 09:00:00,NLD,demand_power,17452.0
2019-01-30 10:00:00,NLD,demand_power,17353.0
2019-01-30 11:00:00,NLD,demand_power,17122.0
2019-01-30 12:00:00,NLD,demand_power,17132.0
2019-01-30 13:00:00,NLD,demand_power,17130.0
2019-01-30 14:00:00,NLD,demand_power,17240.0
2019-01-30 15:00:00,NLD,demand_power,17425.0
2019-01-30 16:00:00,NLD,demand_power,18002.0
2019-01-30 17:00:00,NLD,demand_power,17390.0
2019-01-30 18:00:00,NLD,demand_power,16762.0
2019-01-30 19:00:00,NLD,demand_power,15954.0
2019-01-30 20:00:00,NLD,demand_power,15108.0
2019-01-30 21:00:00,NLD,demand_power,14178.0
2019-01-30 22:00:00,NLD,demand_power,13296.0
2019-01-30 23:00:00,NLD,demand_power,12671.0
2019-01-31 00:00:00,NLD,demand_power,12205.0
2019-01-31 01:00:00,NLD,demand_power,11946.0
2019-01-31 02:00:00,NLD,demand_power,11870.0
2019-01-31 03:00:00,NLD,demand_power,11939.0
2019-01-31 04:00:00,NLD,demand_power,12466.0
2019-01-31 05:00:00,NLD,demand_power,13922.0
2019-01-31 06:00:00,NLD,demand_power,15990.0
2019-01-31 07:00:00,NLD,demand_power,16862.0
2019-01-31 08:00:00,NLD,demand_power,17264.0
2019-01-31 09:00:00,NLD,demand_power,17412.0
2019-01-31 10:00:00,NLD,demand_power,17331.0
2019-01-31 11:00:00,NLD,demand_power,17177.0
2019-01-31 12:00:00,NLD,demand_power,17264.0
2019-01-31 13:00:00,NLD,demand_power,17214.0
2019-01-31 14:00:00,NLD,demand_power,17284.0
2019-01-31 15:00:00,NLD,demand_power,17414.0
2019-01-31 16:00:00,NLD,demand_power,17872.0
2019-01-31 17:00:00,NLD,demand_power,17435.0
2019-01-31 18:00:00,NLD,demand_power,16899.0
2019-01-31 19:00:00,NLD,demand_power,16136.0
2019-01-31 20:00:00,NLD,demand_power,15205.0
2019-01-31 21:00:00,NLD,demand_power,14148.0
2019-01-31 22:00:00,NLD,demand_power,13304.0
2019-01-31 23:00:00,NLD,demand_power,12680.0
